trip_id,trip_date,trip_status,scheduled_pickup_time,actual_pickup_time,dropoff_time
T1000,2025-08-01,completed,2025-08-01 00:58:27,2025-08-01 00:57:47,2025-08-01 01:21:47
T1001,2025-08-01,completed,2025-08-01 00:18:15,2025-08-01 00:30:33,2025-08-01 01:54:33
T1002,2025-08-01,completed,2025-08-01 00:35:35,2025-08-01 00:22:45,2025-08-01 00:53:45
T1003,2025-08-01,completed,2025-08-01 00:12:49,2025-08-01 00:37:40,2025-08-01 01:16:40
T1004,2025-08-01,cancelled,2025-08-01 00:40:33,2025-08-01 00:45:48,2025-08-01 01:54:48
T1005,2025-08-02,completed,2025-08-02 00:19:44,2025-08-02 00:12:23,2025-08-02 01:19:23
T1006,2025-08-02,cancelled,2025-08-02 00:38:20,2025-08-02 00:35:47,2025-08-02 01:33:47
T1007,2025-08-02,completed,2025-08-02 00:18:02,2025-08-02 00:45:40,2025-08-02 01:36:40
T1008,2025-08-02,cancelled,2025-08-02 00:59:07,2025-08-02 01:00:22,2025-08-02 01:24:22
T1009,2025-08-02,cancelled,2025-08-02 00:50:05,2025-08-02 00:44:27,2025-08-02 01:48:27
T1010,2025-08-03,cancelled,2025-08-03 00:47:59,2025-08-03 00:58:27,2025-08-03 01:10:27
T1011,2025-08-03,completed,2025-08-03 00:10:46,2025-08-03 00:30:14,2025-08-03 01:52:14
T1012,2025-08-03,completed,2025-08-03 00:21:37,2025-08-03 00:47:12,2025-08-03 01:56:12
T1013,2025-08-03,cancelled,2025-08-03 00:04:01,2025-08-03 00:23:02,2025-08-03 00:41:02
T1014,2025-08-03,cancelled,2025-08-03 00:43:32,2025-08-03 00:51:15,2025-08-03 02:00:15
T1015,2025-08-04,completed,2025-08-04 00:58:19,2025-08-04 01:25:55,2025-08-04 01:42:55
T1016,2025-08-04,completed,2025-08-04 00:00:34,2025-08-04 00:23:07,2025-08-04 01:08:07
T1017,2025-08-04,cancelled,2025-08-04 00:57:39,2025-08-04 00:59:40,2025-08-04 01:14:40
T1018,2025-08-04,cancelled,2025-08-04 00:18:49,2025-08-04 00:28:49,2025-08-04 01:40:49
T1019,2025-08-04,cancelled,2025-08-04 00:46:17,2025-08-04 00:57:36,2025-08-04 01:40:36
T1020,2025-08-05,cancelled,2025-08-05 00:33:01,2025-08-05 00:34:36,2025-08-05 00:57:36
T1021,2025-08-05,completed,2025-08-05 00:13:35,2025-08-05 00:06:10,2025-08-05 01:33:10
T1022,2025-08-05,completed,2025-08-05 00:21:15,2025-08-05 00:23:11,2025-08-05 01:34:11
T1023,2025-08-05,cancelled,2025-08-05 00:46:07,2025-08-05 00:36:44,2025-08-05 01:38:44
T1024,2025-08-05,cancelled,2025-08-05 00:37:44,2025-08-05 00:35:27,2025-08-05 01:44:27
T1025,2025-08-06,cancelled,2025-08-06 00:08:12,2025-08-06 00:12:52,2025-08-06 00:36:52
T1026,2025-08-06,completed,2025-08-06 00:01:04,2025-08-06 00:28:52,2025-08-06 00:38:52
T1027,2025-08-06,cancelled,2025-08-06 00:44:55,2025-08-06 00:54:50,2025-08-06 02:06:50
T1028,2025-08-06,completed,2025-08-06 00:25:22,2025-08-06 00:54:22,2025-08-06 01:11:22
T1029,2025-08-06,completed,2025-08-06 00:06:58,2025-08-06 00:30:54,2025-08-06 00:44:54
T1030,2025-08-07,cancelled,2025-08-07 00:37:58,2025-08-07 00:57:46,2025-08-07 01:34:46
T1031,2025-08-07,completed,2025-08-07 00:03:20,2025-08-07 00:19:23,2025-08-07 00:40:23
T1032,2025-08-07,cancelled,2025-08-07 00:51:44,2025-08-07 00:45:06,2025-08-07 01:17:06
T1033,2025-08-07,cancelled,2025-08-07 00:29:11,2025-08-07 00:27:35,2025-08-07 01:20:35
T1034,2025-08-07,cancelled,2025-08-07 00:46:13,2025-08-07 00:57:23,2025-08-07 02:11:23
T1164,2025-08-24,cancelled,2025-08-24 12:30:22,2025-08-24 12:02:22,2025-08-24 13:30:22
T1102,2025-08-24,cancelled,2025-08-24 14:50:23,2025-08-24 14:43:23,2025-08-24 15:28:23
T1182,2025-08-24,completed,2025-08-24 04:38:53,2025-08-24 04:23:53,2025-08-24 05:25:53
T1134,2025-08-24,completed,2025-08-24 04:20:59,2025-08-24 04:24:59,2025-08-24 05:41:59
T1130,2025-08-23,completed,2025-08-23 04:02:45,2025-08-23 04:04:45,2025-08-23 05:08:45
T1136,2025-08-23,cancelled,2025-08-23 00:31:50,2025-08-23 00:43:50,2025-08-23 01:28:50
T1136,2025-08-23,completed,2025-08-23 12:27:27,2025-08-23 11:57:27,2025-08-23 13:10:27
T1197,2025-08-23,completed,2025-08-23 20:33:45,2025-08-23 20:46:45,2025-08-23 22:14:45
T1109,2025-08-22,completed,2025-08-22 12:35:20,2025-08-22 12:16:20,2025-08-22 13:11:20
T1121,2025-08-22,completed,2025-08-22 07:43:42,2025-08-22 07:56:42,2025-08-22 09:19:42
T1140,2025-08-22,cancelled,2025-08-22 13:33:00,2025-08-22 13:07:00,2025-08-22 14:24:00
T1137,2025-08-22,cancelled,2025-08-22 18:08:01,2025-08-22 17:41:01,2025-08-22 18:59:01
T1161,2025-08-21,cancelled,2025-08-21 09:00:37,2025-08-21 09:15:37,2025-08-21 10:23:37
T1177,2025-08-21,completed,2025-08-21 23:34:40,2025-08-21 23:45:40,2025-08-22 01:14:40
T1172,2025-08-21,completed,2025-08-21 10:23:01,2025-08-21 09:54:01,2025-08-21 10:50:01
T1146,2025-08-20,completed,2025-08-20 16:38:29,2025-08-20 16:35:29,2025-08-20 17:36:29
T1168,2025-08-20,completed,2025-08-20 10:01:18,2025-08-20 10:19:18,2025-08-20 11:48:18
T1191,2025-08-20,cancelled,2025-08-20 02:44:08,2025-08-20 03:07:08,2025-08-20 03:59:08
T1179,2025-08-19,completed,2025-08-19 00:09:48,2025-08-19 00:13:48,2025-08-19 01:43:48
T1134,2025-08-19,completed,2025-08-19 05:51:11,2025-08-19 05:35:11,2025-08-19 06:54:11
T1105,2025-08-19,cancelled,2025-08-19 14:12:35,2025-08-19 13:53:35,2025-08-19 14:59:35
T1176,2025-08-19,completed,2025-08-19 06:16:38,2025-08-19 05:51:38,2025-08-19 06:29:38
T1186,2025-08-18,completed,2025-08-18 06:20:26,2025-08-18 06:10:26,2025-08-18 07:16:26
T1188,2025-08-18,cancelled,2025-08-18 21:54:25,2025-08-18 21:47:25,2025-08-18 22:55:25
T1146,2025-08-18,completed,2025-08-18 04:14:24,2025-08-18 03:49:24,2025-08-18 04:45:24
T1127,2025-08-18,completed,2025-08-18 11:11:08,2025-08-18 11:08:08,2025-08-18 11:42:08
T1153,2025-08-18,completed,2025-08-18 10:42:12,2025-08-18 10:38:12,2025-08-18 11:15:12
T1177,2025-08-17,completed,2025-08-17 21:16:18,2025-08-17 21:39:18,2025-08-17 22:54:18
T1109,2025-08-17,cancelled,2025-08-17 22:26:51,2025-08-17 22:46:51,2025-08-17 23:51:51
T1178,2025-08-17,cancelled,2025-08-17 23:10:12,2025-08-17 22:56:12,2025-08-17 23:32:12
T1189,2025-08-17,completed,2025-08-17 05:53:46,2025-08-17 06:05:46,2025-08-17 07:21:46
T1147,2025-08-16,completed,2025-08-16 03:16:44,2025-08-16 03:46:44,2025-08-16 05:00:44
T1197,2025-08-16,completed,2025-08-16 15:56:05,2025-08-16 16:03:05,2025-08-16 16:34:05
T1111,2025-08-16,cancelled,2025-08-16 04:16:25,2025-08-16 04:12:25,2025-08-16 05:02:25
T1191,2025-08-16,cancelled,2025-08-16 23:40:26,2025-08-16 23:51:26,2025-08-17 00:53:26
T1104,2025-08-16,completed,2025-08-16 02:09:10,2025-08-16 02:19:10,2025-08-16 03:36:10
T1103,2025-08-15,cancelled,2025-08-15 00:10:18,2025-08-15 00:00:18,2025-08-15 00:53:18
T1127,2025-08-15,completed,2025-08-15 11:15:38,2025-08-15 11:42:38,2025-08-15 12:27:38
T1162,2025-08-14,completed,2025-08-14 20:36:49,2025-08-14 20:31:49,2025-08-14 21:55:49
T1134,2025-08-13,cancelled,2025-08-13 03:44:34,2025-08-13 04:04:34,2025-08-13 05:23:34
T1159,2025-08-12,completed,2025-08-12 17:20:05,2025-08-12 17:18:05,2025-08-12 17:52:05
T1162,2025-08-12,cancelled,2025-08-12 06:40:09,2025-08-12 07:04:09,2025-08-12 07:51:09
T1126,2025-08-12,cancelled,2025-08-12 16:05:17,2025-08-12 16:00:17,2025-08-12 17:10:17
T1155,2025-08-12,cancelled,2025-08-12 01:36:42,2025-08-12 01:11:42,2025-08-12 02:21:42
T1138,2025-08-12,completed,2025-08-12 03:44:31,2025-08-12 03:25:31,2025-08-12 04:40:31
T1119,2025-08-11,cancelled,2025-08-11 07:37:47,2025-08-11 07:55:47,2025-08-11 09:02:47
T1178,2025-08-11,cancelled,2025-08-11 05:23:54,2025-08-11 05:09:54,2025-08-11 05:46:54
T1198,2025-08-11,cancelled,2025-08-11 07:24:45,2025-08-11 07:39:45,2025-08-11 09:01:45
T1138,2025-08-11,cancelled,2025-08-11 23:30:56,2025-08-11 23:36:56,2025-08-12 00:47:56
T1104,2025-08-10,completed,2025-08-10 06:49:08,2025-08-10 07:16:08,2025-08-10 08:01:08
T1122,2025-08-10,completed,2025-08-10 08:34:00,2025-08-10 08:46:00,2025-08-10 09:48:00
T1100,2025-08-09,cancelled,2025-08-09 18:45:35,2025-08-09 18:50:35,2025-08-09 20:05:35
T1192,2025-08-08,cancelled,2025-08-08 20:39:23,2025-08-08 20:34:23,2025-08-08 21:48:23
T1196,2025-08-08,completed,2025-08-08 22:26:26,2025-08-08 22:21:26,2025-08-08 23:33:26
T1192,2025-08-07,cancelled,2025-08-07 12:17:52,2025-08-07 12:28:52,2025-08-07 13:33:52
T1170,2025-08-07,completed,2025-08-07 20:08:29,2025-08-07 19:43:29,2025-08-07 20:38:29
T1199,2025-08-06,cancelled,2025-08-06 05:21:05,2025-08-06 05:40:05,2025-08-06 06:12:05
T1116,2025-08-06,completed,2025-08-06 16:49:07,2025-08-06 16:41:07,2025-08-06 17:26:07
T1189,2025-08-06,cancelled,2025-08-06 08:12:05,2025-08-06 08:26:05,2025-08-06 09:50:05
T1194,2025-08-06,completed,2025-08-06 13:29:21,2025-08-06 13:46:21,2025-08-06 14:59:21
T1161,2025-08-05,completed,2025-08-05 05:12:05,2025-08-05 04:48:05,2025-08-05 05:39:05
T1144,2025-08-05,completed,2025-08-05 23:49:53,2025-08-06 00:17:53,2025-08-06 01:24:53
T1187,2025-08-05,cancelled,2025-08-05 17:26:07,2025-08-05 17:22:07,2025-08-05 18:14:07
T1124,2025-08-04,cancelled,2025-08-04 00:21:11,2025-08-04 00:47:11,2025-08-04 02:01:11
T1104,2025-08-03,cancelled,2025-08-03 22:31:19,2025-08-03 22:23:19,2025-08-03 23:44:19
T1136,2025-08-03,completed,2025-08-03 17:26:35,2025-08-03 17:04:35,2025-08-03 18:05:35
T1159,2025-08-02,completed,2025-08-02 12:12:50,2025-08-02 12:02:50,2025-08-02 13:12:50
T1152,2025-08-02,cancelled,2025-08-02 05:13:40,2025-08-02 05:43:40,2025-08-02 06:59:40
T1126,2025-08-01,completed,2025-08-01 17:17:52,2025-08-01 16:56:52,2025-08-01 18:23:52
T1186,2025-08-01,cancelled,2025-08-01 21:05:53,2025-08-01 21:21:53,2025-08-01 22:22:53
T1169,2025-08-01,completed,2025-08-01 19:56:25,2025-08-01 20:14:25,2025-08-01 21:16:25
T1150,2025-07-31,completed,2025-07-31 08:47:01,2025-07-31 08:40:01,2025-07-31 09:24:01
T1176,2025-07-31,completed,2025-07-31 21:33:04,2025-07-31 21:58:04,2025-07-31 22:59:04
T1170,2025-07-31,cancelled,2025-07-31 00:28:23,2025-07-31 00:53:23,2025-07-31 01:55:23
T1189,2025-07-31,completed,2025-07-31 22:15:35,2025-07-31 22:29:35,2025-07-31 23:02:35
T1185,2025-07-30,completed,2025-07-30 21:03:25,2025-07-30 21:02:25,2025-07-30 21:50:25
T1170,2025-07-30,completed,2025-07-30 10:44:21,2025-07-30 10:42:21,2025-07-30 11:18:21
T1190,2025-07-30,completed,2025-07-30 14:48:29,2025-07-30 15:17:29,2025-07-30 15:55:29
T1195,2025-07-30,cancelled,2025-07-30 21:57:33,2025-07-30 22:05:33,2025-07-30 23:17:33
T1148,2025-07-30,cancelled,2025-07-30 03:12:35,2025-07-30 03:38:35,2025-07-30 04:45:35
T1166,2025-07-29,completed,2025-07-29 10:21:18,2025-07-29 10:26:18,2025-07-29 11:01:18
T1165,2025-07-29,completed,2025-07-29 07:53:29,2025-07-29 07:30:29,2025-07-29 08:42:29
T1116,2025-07-29,cancelled,2025-07-29 17:51:15,2025-07-29 17:42:15,2025-07-29 18:16:15
T1124,2025-07-28,cancelled,2025-07-28 00:28:08,2025-07-28 00:36:08,2025-07-28 01:07:08
T1168,2025-07-27,completed,2025-07-27 06:20:16,2025-07-27 05:58:16,2025-07-27 06:40:16
T1144,2025-07-27,cancelled,2025-07-27 05:22:30,2025-07-27 05:11:30,2025-07-27 06:15:30
T1157,2025-07-27,completed,2025-07-27 13:20:05,2025-07-27 12:50:05,2025-07-27 14:06:05
T1133,2025-07-27,cancelled,2025-07-27 03:07:24,2025-07-27 03:28:24,2025-07-27 04:22:24
T1119,2025-07-27,cancelled,2025-07-27 13:52:01,2025-07-27 14:03:01,2025-07-27 15:13:01
T1103,2025-07-26,completed,2025-07-26 05:32:11,2025-07-26 05:28:11,2025-07-26 06:29:11
T1133,2025-07-25,completed,2025-07-25 14:14:05,2025-07-25 14:04:05,2025-07-25 15:04:05
T1195,2025-07-25,completed,2025-07-25 19:33:21,2025-07-25 19:22:21,2025-07-25 20:00:21
T1163,2025-07-25,cancelled,2025-07-25 01:48:29,2025-07-25 02:17:29,2025-07-25 03:44:29
T1145,2025-07-24,cancelled,2025-07-24 08:09:43,2025-07-24 08:31:43,2025-07-24 09:29:43
T1133,2025-07-23,cancelled,2025-07-23 00:13:34,2025-07-23 00:27:34,2025-07-23 01:24:34
T1186,2025-07-22,completed,2025-07-22 09:37:55,2025-07-22 09:53:55,2025-07-22 11:00:55
T1124,2025-07-22,completed,2025-07-22 07:55:32,2025-07-22 07:49:32,2025-07-22 08:58:32
T1133,2025-07-22,completed,2025-07-22 01:42:14,2025-07-22 01:45:14,2025-07-22 02:18:14
T1138,2025-07-22,completed,2025-07-22 00:26:38,2025-07-22 00:02:38,2025-07-22 01:18:38
T1159,2025-07-22,cancelled,2025-07-22 14:38:29,2025-07-22 15:06:29,2025-07-22 16:01:29
T1152,2025-07-21,cancelled,2025-07-21 21:47:55,2025-07-21 21:22:55,2025-07-21 21:53:55
T1177,2025-07-21,cancelled,2025-07-21 06:27:29,2025-07-21 06:26:29,2025-07-21 07:31:29
T1147,2025-07-21,completed,2025-07-21 19:01:08,2025-07-21 19:14:08,2025-07-21 20:04:08
T1173,2025-07-20,cancelled,2025-07-20 08:29:18,2025-07-20 08:52:18,2025-07-20 09:40:18
T1189,2025-07-20,completed,2025-07-20 23:09:16,2025-07-20 23:14:16,2025-07-21 00:13:16
T1177,2025-07-20,cancelled,2025-07-20 07:32:39,2025-07-20 07:14:39,2025-07-20 08:23:39
T1175,2025-07-20,cancelled,2025-07-20 19:03:46,2025-07-20 19:32:46,2025-07-20 20:50:46
T1105,2025-07-19,cancelled,2025-07-19 01:41:35,2025-07-19 01:53:35,2025-07-19 02:49:35
T1152,2025-07-19,completed,2025-07-19 00:19:24,2025-07-18 23:50:24,2025-07-19 01:20:24
T1173,2025-07-18,cancelled,2025-07-18 22:12:41,2025-07-18 22:29:41,2025-07-18 23:00:41
T1197,2025-07-18,cancelled,2025-07-18 11:33:17,2025-07-18 11:37:17,2025-07-18 12:31:17
T1125,2025-07-18,cancelled,2025-07-18 06:51:44,2025-07-18 06:33:44,2025-07-18 07:20:44
T1167,2025-07-17,cancelled,2025-07-17 02:22:35,2025-07-17 02:45:35,2025-07-17 04:02:35
T1119,2025-07-17,cancelled,2025-07-17 18:01:57,2025-07-17 17:58:57,2025-07-17 19:04:57
T1113,2025-07-17,completed,2025-07-17 12:30:08,2025-07-17 12:30:08,2025-07-17 13:12:08
T1108,2025-07-16,cancelled,2025-07-16 11:50:01,2025-07-16 12:07:01,2025-07-16 13:03:01
T1106,2025-07-16,cancelled,2025-07-16 07:14:57,2025-07-16 07:19:57,2025-07-16 08:39:57
T1120,2025-07-15,cancelled,2025-07-15 16:04:00,2025-07-15 15:47:00,2025-07-15 16:30:00
T1166,2025-07-15,cancelled,2025-07-15 00:20:05,2025-07-15 00:26:05,2025-07-15 01:06:05
T1157,2025-07-15,completed,2025-07-15 21:45:51,2025-07-15 21:33:51,2025-07-15 22:29:51
T1131,2025-07-15,cancelled,2025-07-15 12:16:11,2025-07-15 12:07:11,2025-07-15 13:05:11
T1153,2025-07-14,completed,2025-07-14 10:39:36,2025-07-14 10:48:36,2025-07-14 12:07:36
T1178,2025-07-14,completed,2025-07-14 07:25:33,2025-07-14 07:16:33,2025-07-14 08:36:33
T1176,2025-07-14,cancelled,2025-07-14 01:25:24,2025-07-14 01:12:24,2025-07-14 01:53:24
T1177,2025-07-14,completed,2025-07-14 11:45:36,2025-07-14 11:32:36,2025-07-14 12:46:36
T1128,2025-07-13,cancelled,2025-07-13 15:07:47,2025-07-13 15:19:47,2025-07-13 16:00:47
T1157,2025-07-13,completed,2025-07-13 22:41:46,2025-07-13 22:42:46,2025-07-13 23:37:46
T1137,2025-07-12,cancelled,2025-07-12 07:30:25,2025-07-12 07:00:25,2025-07-12 08:29:25
T1200,2025-07-12,completed,2025-07-12 04:22:20,2025-07-12 04:06:20,2025-07-12 04:39:20
T1152,2025-07-12,cancelled,2025-07-12 17:24:30,2025-07-12 17:20:30,2025-07-12 18:45:30
T1156,2025-07-12,completed,2025-07-12 10:07:25,2025-07-12 10:19:25,2025-07-12 11:33:25
T1173,2025-07-12,completed,2025-07-12 17:04:33,2025-07-12 17:34:33,2025-07-12 18:32:33
T1142,2025-07-11,cancelled,2025-07-11 15:15:40,2025-07-11 15:03:40,2025-07-11 15:49:40
T1102,2025-07-11,cancelled,2025-07-11 16:12:14,2025-07-11 16:19:14,2025-07-11 16:57:14
T1184,2025-07-11,completed,2025-07-11 12:02:26,2025-07-11 11:44:26,2025-07-11 13:03:26
T1109,2025-07-11,completed,2025-07-11 07:36:15,2025-07-11 07:19:15,2025-07-11 08:09:15
T1182,2025-07-10,completed,2025-07-10 04:11:14,2025-07-10 04:02:14,2025-07-10 04:49:14
T1164,2025-07-10,completed,2025-07-10 00:38:47,2025-07-10 00:19:47,2025-07-10 01:16:47
T1142,2025-07-10,completed,2025-07-10 02:32:34,2025-07-10 02:56:34,2025-07-10 03:32:34
T1166,2025-07-10,completed,2025-07-10 08:52:58,2025-07-10 08:54:58,2025-07-10 10:02:58
T1155,2025-07-10,cancelled,2025-07-10 07:41:34,2025-07-10 07:32:34,2025-07-10 08:55:34
T1191,2025-07-09,completed,2025-07-09 19:52:22,2025-07-09 19:25:22,2025-07-09 20:11:22
T1146,2025-07-09,cancelled,2025-07-09 19:46:19,2025-07-09 19:48:19,2025-07-09 20:58:19
T1189,2025-07-09,cancelled,2025-07-09 07:49:25,2025-07-09 07:19:25,2025-07-09 08:28:25
T1187,2025-07-09,cancelled,2025-07-09 21:33:08,2025-07-09 21:16:08,2025-07-09 21:46:08
T1187,2025-07-08,completed,2025-07-08 01:02:21,2025-07-08 00:37:21,2025-07-08 01:39:21
T1138,2025-07-08,cancelled,2025-07-08 22:26:51,2025-07-08 21:59:51,2025-07-08 23:23:51
T1175,2025-07-08,cancelled,2025-07-08 02:07:57,2025-07-08 02:27:57,2025-07-08 03:26:57
T1151,2025-07-07,cancelled,2025-07-07 10:44:54,2025-07-07 10:16:54,2025-07-07 11:37:54
T1109,2025-07-07,completed,2025-07-07 03:39:31,2025-07-07 03:32:31,2025-07-07 04:07:31
T1104,2025-07-06,cancelled,2025-07-06 11:31:30,2025-07-06 11:42:30,2025-07-06 12:47:30
T1153,2025-07-06,completed,2025-07-06 19:05:00,2025-07-06 19:31:00,2025-07-06 20:15:00
T1154,2025-07-06,cancelled,2025-07-06 20:19:33,2025-07-06 20:14:33,2025-07-06 21:17:33
T1114,2025-07-06,cancelled,2025-07-06 03:13:38,2025-07-06 03:31:38,2025-07-06 04:17:38
T1124,2025-07-06,completed,2025-07-06 06:21:46,2025-07-06 06:16:46,2025-07-06 07:37:46
T1167,2025-07-05,cancelled,2025-07-05 13:50:23,2025-07-05 13:35:23,2025-07-05 14:16:23
T1200,2025-07-05,cancelled,2025-07-05 16:48:19,2025-07-05 16:50:19,2025-07-05 18:01:19
T1106,2025-07-05,cancelled,2025-07-05 06:23:37,2025-07-05 06:42:37,2025-07-05 07:40:37
T1124,2025-07-04,completed,2025-07-04 02:09:34,2025-07-04 02:17:34,2025-07-04 03:37:34
T1107,2025-07-04,cancelled,2025-07-04 11:13:14,2025-07-04 11:04:14,2025-07-04 11:58:14
T1116,2025-07-04,completed,2025-07-04 12:10:47,2025-07-04 12:10:47,2025-07-04 12:51:47
T1126,2025-07-04,cancelled,2025-07-04 17:13:05,2025-07-04 17:24:05,2025-07-04 18:03:05
T1150,2025-07-04,cancelled,2025-07-04 01:48:39,2025-07-04 01:33:39,2025-07-04 02:31:39
T1151,2025-07-03,completed,2025-07-03 12:36:05,2025-07-03 12:47:05,2025-07-03 13:46:05
T1149,2025-07-03,completed,2025-07-03 15:12:42,2025-07-03 14:45:42,2025-07-03 15:23:42
T1200,2025-07-03,cancelled,2025-07-03 21:47:47,2025-07-03 21:30:47,2025-07-03 22:50:47
T1131,2025-07-03,completed,2025-07-03 21:42:55,2025-07-03 21:34:55,2025-07-03 22:45:55
T1132,2025-07-03,completed,2025-07-03 16:53:18,2025-07-03 16:23:18,2025-07-03 17:32:18
T1115,2025-07-02,completed,2025-07-02 17:01:42,2025-07-02 17:11:42,2025-07-02 18:41:42
T1145,2025-07-02,completed,2025-07-02 09:26:23,2025-07-02 09:09:23,2025-07-02 10:02:23
T1108,2025-07-02,completed,2025-07-02 16:23:07,2025-07-02 16:27:07,2025-07-02 17:49:07
T1134,2025-07-02,completed,2025-07-02 09:11:32,2025-07-02 09:13:32,2025-07-02 10:06:32
T1156,2025-07-01,completed,2025-07-01 22:42:19,2025-07-01 23:07:19,2025-07-01 23:46:19
T1176,2025-07-01,completed,2025-07-01 01:23:04,2025-07-01 01:21:04,2025-07-01 02:24:04
T1111,2025-07-01,cancelled,2025-07-01 22:44:49,2025-07-01 22:14:49,2025-07-01 23:34:49
T1167,2025-07-01,completed,2025-07-01 17:26:29,2025-07-01 17:10:29,2025-07-01 17:41:29
T1166,2025-06-30,completed,2025-06-30 00:46:50,2025-06-30 00:24:50,2025-06-30 01:42:50
T1133,2025-06-30,completed,2025-06-30 04:37:11,2025-06-30 05:03:11,2025-06-30 05:39:11
T1126,2025-06-30,cancelled,2025-06-30 02:06:04,2025-06-30 02:01:04,2025-06-30 03:16:04
T1126,2025-06-30,cancelled,2025-06-30 09:56:08,2025-06-30 10:25:08,2025-06-30 11:15:08
T1179,2025-06-29,cancelled,2025-06-29 06:04:57,2025-06-29 05:43:57,2025-06-29 06:18:57
T1162,2025-06-29,cancelled,2025-06-29 11:10:21,2025-06-29 11:29:21,2025-06-29 12:16:21
T1102,2025-06-29,cancelled,2025-06-29 14:09:47,2025-06-29 14:21:47,2025-06-29 15:31:47
T1150,2025-06-28,completed,2025-06-28 11:47:40,2025-06-28 11:54:40,2025-06-28 13:09:40
T1103,2025-06-28,cancelled,2025-06-28 23:53:37,2025-06-28 23:34:37,2025-06-29 01:00:37
T1177,2025-06-27,completed,2025-06-27 23:59:51,2025-06-28 00:16:51,2025-06-28 01:39:51
T1108,2025-06-27,cancelled,2025-06-27 03:02:20,2025-06-27 02:32:20,2025-06-27 03:30:20
T1136,2025-06-27,cancelled,2025-06-27 11:00:08,2025-06-27 11:22:08,2025-06-27 12:14:08
T1179,2025-06-27,cancelled,2025-06-27 16:21:38,2025-06-27 16:19:38,2025-06-27 17:41:38
T1131,2025-06-26,completed,2025-06-26 20:51:09,2025-06-26 20:49:09,2025-06-26 21:22:09
T1103,2025-06-26,completed,2025-06-26 20:40:16,2025-06-26 20:39:16,2025-06-26 21:21:16
T1109,2025-06-26,completed,2025-06-26 02:39:19,2025-06-26 02:13:19,2025-06-26 02:44:19
T1171,2025-06-26,completed,2025-06-26 14:04:50,2025-06-26 13:45:50,2025-06-26 14:53:50
T1187,2025-06-25,completed,2025-06-25 16:14:07,2025-06-25 16:39:07,2025-06-25 17:50:07
T1116,2025-06-25,completed,2025-06-25 05:50:53,2025-06-25 05:35:53,2025-06-25 06:15:53
T1124,2025-06-25,cancelled,2025-06-25 06:58:05,2025-06-25 07:28:05,2025-06-25 08:11:05
T1186,2025-06-24,cancelled,2025-06-24 14:02:32,2025-06-24 13:40:32,2025-06-24 14:40:32
T1159,2025-06-24,cancelled,2025-06-24 16:57:06,2025-06-24 17:16:06,2025-06-24 18:24:06
T1104,2025-06-23,cancelled,2025-06-23 06:26:27,2025-06-23 05:57:27,2025-06-23 06:39:27
T1155,2025-06-22,completed,2025-06-22 05:47:14,2025-06-22 06:14:14,2025-06-22 07:44:14
T1146,2025-06-22,completed,2025-06-22 00:08:03,2025-06-21 23:50:03,2025-06-22 00:46:03
T1148,2025-06-22,completed,2025-06-22 22:08:14,2025-06-22 21:45:14,2025-06-22 22:54:14
T1186,2025-06-22,completed,2025-06-22 14:47:05,2025-06-22 15:07:05,2025-06-22 15:46:05
T1121,2025-06-22,completed,2025-06-22 13:42:46,2025-06-22 13:14:46,2025-06-22 13:55:46
T1109,2025-06-21,cancelled,2025-06-21 10:49:13,2025-06-21 10:59:13,2025-06-21 11:36:13
T1162,2025-06-21,cancelled,2025-06-21 11:47:46,2025-06-21 12:07:46,2025-06-21 13:14:46
T1196,2025-06-21,cancelled,2025-06-21 18:09:17,2025-06-21 17:55:17,2025-06-21 18:51:17
T1134,2025-06-20,completed,2025-06-20 18:36:55,2025-06-20 18:30:55,2025-06-20 19:49:55
T1124,2025-06-20,completed,2025-06-20 17:42:15,2025-06-20 17:16:15,2025-06-20 18:41:15
T1166,2025-06-20,completed,2025-06-20 00:31:23,2025-06-20 00:33:23,2025-06-20 02:01:23
T1177,2025-06-20,completed,2025-06-20 00:22:40,2025-06-20 00:25:40,2025-06-20 00:58:40
T1177,2025-06-19,cancelled,2025-06-19 00:54:15,2025-06-19 00:26:15,2025-06-19 01:29:15
T1136,2025-06-19,completed,2025-06-19 14:31:58,2025-06-19 14:10:58,2025-06-19 15:12:58
T1121,2025-06-18,completed,2025-06-18 16:30:48,2025-06-18 16:21:48,2025-06-18 17:30:48
T1147,2025-06-18,completed,2025-06-18 21:56:44,2025-06-18 22:01:44,2025-06-18 23:15:44
T1198,2025-06-18,completed,2025-06-18 07:46:00,2025-06-18 07:30:00,2025-06-18 08:57:00
T1178,2025-06-18,cancelled,2025-06-18 23:51:53,2025-06-18 23:46:53,2025-06-19 00:39:53
T1142,2025-06-17,cancelled,2025-06-17 00:27:10,2025-06-17 00:03:10,2025-06-17 01:16:10
T1124,2025-06-16,cancelled,2025-06-16 13:22:43,2025-06-16 13:46:43,2025-06-16 14:21:43
T1196,2025-06-16,completed,2025-06-16 09:10:06,2025-06-16 09:40:06,2025-06-16 10:17:06
T1199,2025-06-15,cancelled,2025-06-15 06:23:36,2025-06-15 06:03:36,2025-06-15 07:29:36
T1168,2025-06-14,completed,2025-06-14 11:52:06,2025-06-14 11:51:06,2025-06-14 12:53:06
T1121,2025-06-14,completed,2025-06-14 22:21:53,2025-06-14 21:58:53,2025-06-14 23:28:53
T1138,2025-06-14,completed,2025-06-14 13:21:05,2025-06-14 13:04:05,2025-06-14 13:44:05
T1156,2025-06-13,cancelled,2025-06-13 16:43:52,2025-06-13 16:29:52,2025-06-13 16:59:52
T1180,2025-06-12,completed,2025-06-12 18:10:19,2025-06-12 18:25:19,2025-06-12 19:19:19
T1187,2025-06-11,completed,2025-06-11 15:13:37,2025-06-11 15:01:37,2025-06-11 15:41:37
T1194,2025-06-10,completed,2025-06-10 01:46:18,2025-06-10 02:02:18,2025-06-10 03:29:18
T1191,2025-06-10,completed,2025-06-10 01:10:55,2025-06-10 01:37:55,2025-06-10 03:00:55
T1105,2025-06-10,completed,2025-06-10 19:06:48,2025-06-10 18:55:48,2025-06-10 20:09:48
T1163,2025-06-09,completed,2025-06-09 09:28:41,2025-06-09 09:04:41,2025-06-09 10:10:41
T1165,2025-06-09,cancelled,2025-06-09 05:55:54,2025-06-09 05:37:54,2025-06-09 06:41:54
T1149,2025-06-09,completed,2025-06-09 09:36:40,2025-06-09 09:10:40,2025-06-09 09:47:40
T1113,2025-06-08,completed,2025-06-08 02:50:38,2025-06-08 02:20:38,2025-06-08 03:23:38
T1113,2025-06-08,cancelled,2025-06-08 19:02:06,2025-06-08 18:58:06,2025-06-08 19:50:06
T1151,2025-06-08,cancelled,2025-06-08 01:25:45,2025-06-08 01:03:45,2025-06-08 01:57:45
T1170,2025-06-07,completed,2025-06-07 11:05:12,2025-06-07 11:24:12,2025-06-07 12:13:12
T1146,2025-06-07,cancelled,2025-06-07 23:31:33,2025-06-07 23:47:33,2025-06-08 00:34:33
T1110,2025-06-07,cancelled,2025-06-07 00:09:13,2025-06-07 00:38:13,2025-06-07 01:08:13
T1117,2025-06-06,cancelled,2025-06-06 22:13:21,2025-06-06 22:29:21,2025-06-06 23:17:21
T1124,2025-06-06,cancelled,2025-06-06 08:53:08,2025-06-06 08:52:08,2025-06-06 10:05:08
T1135,2025-06-06,cancelled,2025-06-06 16:13:25,2025-06-06 16:06:25,2025-06-06 17:22:25
T1163,2025-06-05,cancelled,2025-06-05 08:23:16,2025-06-05 08:48:16,2025-06-05 09:34:16
T1182,2025-06-05,completed,2025-06-05 22:49:45,2025-06-05 22:45:45,2025-06-06 00:04:45
T1138,2025-06-05,completed,2025-06-05 05:37:14,2025-06-05 05:46:14,2025-06-05 06:52:14
T1172,2025-06-04,cancelled,2025-06-04 17:32:06,2025-06-04 17:40:06,2025-06-04 18:10:06
T1116,2025-06-04,cancelled,2025-06-04 10:33:51,2025-06-04 10:14:51,2025-06-04 11:05:51
T1166,2025-06-03,cancelled,2025-06-03 05:52:17,2025-06-03 05:35:17,2025-06-03 06:56:17
T1148,2025-06-03,completed,2025-06-03 08:18:37,2025-06-03 08:06:37,2025-06-03 09:29:37
T1118,2025-06-03,cancelled,2025-06-03 16:03:29,2025-06-03 15:51:29,2025-06-03 16:48:29
T1141,2025-06-03,cancelled,2025-06-03 14:52:20,2025-06-03 15:01:20,2025-06-03 15:38:20
T1125,2025-06-03,completed,2025-06-03 01:54:04,2025-06-03 02:02:04,2025-06-03 03:30:04
T1177,2025-06-02,completed,2025-06-02 00:02:28,2025-06-01 23:42:28,2025-06-02 00:24:28
T1173,2025-06-02,completed,2025-06-02 19:54:42,2025-06-02 19:25:42,2025-06-02 20:35:42
T1172,2025-06-01,cancelled,2025-06-01 03:37:12,2025-06-01 03:17:12,2025-06-01 04:15:12
T1112,2025-06-01,completed,2025-06-01 09:06:21,2025-06-01 09:17:21,2025-06-01 10:06:21
T1191,2025-06-01,completed,2025-06-01 03:10:45,2025-06-01 02:58:45,2025-06-01 03:29:45
T1115,2025-06-01,completed,2025-06-01 22:58:36,2025-06-01 22:54:36,2025-06-01 23:46:36
T1147,2025-05-31,cancelled,2025-05-31 18:56:42,2025-05-31 18:36:42,2025-05-31 19:17:42
T1105,2025-05-30,cancelled,2025-05-30 13:11:06,2025-05-30 12:54:06,2025-05-30 14:05:06
T1188,2025-05-30,cancelled,2025-05-30 15:12:49,2025-05-30 15:35:49,2025-05-30 17:04:49
T1187,2025-05-29,cancelled,2025-05-29 04:18:37,2025-05-29 04:30:37,2025-05-29 05:19:37
T1195,2025-05-28,cancelled,2025-05-28 09:58:55,2025-05-28 09:53:55,2025-05-28 11:18:55
T1116,2025-05-28,cancelled,2025-05-28 03:26:58,2025-05-28 03:01:58,2025-05-28 04:24:58
T1143,2025-05-28,cancelled,2025-05-28 02:39:05,2025-05-28 02:38:05,2025-05-28 03:12:05
T1198,2025-05-27,cancelled,2025-05-27 21:00:56,2025-05-27 21:23:56,2025-05-27 22:08:56
T1180,2025-05-27,cancelled,2025-05-27 11:35:54,2025-05-27 12:05:54,2025-05-27 12:53:54
T1114,2025-05-26,cancelled,2025-05-26 21:59:48,2025-05-26 22:06:48,2025-05-26 23:04:48
T1160,2025-05-25,cancelled,2025-05-25 08:01:35,2025-05-25 08:20:35,2025-05-25 09:35:35
T1150,2025-05-24,cancelled,2025-05-24 10:50:55,2025-05-24 10:50:55,2025-05-24 12:07:55
T1160,2025-05-24,cancelled,2025-05-24 00:32:11,2025-05-24 01:00:11,2025-05-24 01:37:11
T1161,2025-05-23,cancelled,2025-05-23 04:44:34,2025-05-23 04:25:34,2025-05-23 04:55:34
T1150,2025-05-23,cancelled,2025-05-23 15:14:34,2025-05-23 15:37:34,2025-05-23 16:12:34
T1200,2025-05-23,completed,2025-05-23 19:49:02,2025-05-23 19:20:02,2025-05-23 19:50:02
T1145,2025-05-22,completed,2025-05-22 05:32:44,2025-05-22 06:00:44,2025-05-22 07:21:44
T1143,2025-05-22,completed,2025-05-22 00:03:33,2025-05-21 23:40:33,2025-05-22 00:15:33
T1162,2025-05-22,cancelled,2025-05-22 09:46:43,2025-05-22 10:15:43,2025-05-22 11:13:43
T1199,2025-05-22,cancelled,2025-05-22 03:18:32,2025-05-22 03:04:32,2025-05-22 04:11:32
T1116,2025-05-22,cancelled,2025-05-22 03:21:40,2025-05-22 03:38:40,2025-05-22 04:33:40
T1117,2025-05-21,completed,2025-05-21 17:46:04,2025-05-21 17:50:04,2025-05-21 18:47:04
T1161,2025-05-21,cancelled,2025-05-21 23:44:27,2025-05-22 00:04:27,2025-05-22 01:11:27
T1123,2025-05-21,completed,2025-05-21 00:34:49,2025-05-21 00:08:49,2025-05-21 00:57:49
T1131,2025-05-20,completed,2025-05-20 08:37:06,2025-05-20 08:16:06,2025-05-20 09:26:06
T1159,2025-05-19,completed,2025-05-19 14:15:55,2025-05-19 14:15:55,2025-05-19 15:43:55
T1159,2025-05-19,completed,2025-05-19 10:08:06,2025-05-19 10:17:06,2025-05-19 11:26:06
T1197,2025-05-19,cancelled,2025-05-19 00:00:27,2025-05-19 00:13:27,2025-05-19 01:16:27
T1124,2025-05-19,completed,2025-05-19 01:11:46,2025-05-19 01:08:46,2025-05-19 01:39:46
T1192,2025-05-18,completed,2025-05-18 14:23:16,2025-05-18 14:07:16,2025-05-18 15:34:16
T1187,2025-05-18,completed,2025-05-18 14:44:46,2025-05-18 15:07:46,2025-05-18 16:16:46
T1124,2025-05-17,cancelled,2025-05-17 17:03:51,2025-05-17 16:48:51,2025-05-17 17:25:51
T1161,2025-05-17,completed,2025-05-17 15:55:39,2025-05-17 16:11:39,2025-05-17 17:16:39
T1109,2025-05-16,completed,2025-05-16 11:29:54,2025-05-16 11:04:54,2025-05-16 12:15:54
T1170,2025-05-16,cancelled,2025-05-16 08:20:16,2025-05-16 07:55:16,2025-05-16 08:29:16
T1160,2025-05-16,completed,2025-05-16 03:01:53,2025-05-16 02:57:53,2025-05-16 03:59:53
T1164,2025-05-15,completed,2025-05-15 03:11:48,2025-05-15 03:23:48,2025-05-15 04:06:48
T1115,2025-05-15,completed,2025-05-15 06:02:42,2025-05-15 05:37:42,2025-05-15 07:02:42
T1108,2025-05-15,completed,2025-05-15 19:57:54,2025-05-15 19:58:54,2025-05-15 20:31:54
T1188,2025-05-15,cancelled,2025-05-15 17:41:10,2025-05-15 17:21:10,2025-05-15 17:57:10
T1199,2025-05-14,cancelled,2025-05-14 19:20:17,2025-05-14 19:13:17,2025-05-14 20:11:17
T1118,2025-05-14,completed,2025-05-14 04:56:42,2025-05-14 04:41:42,2025-05-14 05:52:42
T1154,2025-05-14,completed,2025-05-14 22:00:24,2025-05-14 21:43:24,2025-05-14 23:13:24
T1171,2025-05-14,completed,2025-05-14 09:22:16,2025-05-14 08:52:16,2025-05-14 09:35:16
T1197,2025-05-13,cancelled,2025-05-13 01:05:04,2025-05-13 00:37:04,2025-05-13 01:09:04
T1100,2025-05-13,completed,2025-05-13 05:19:45,2025-05-13 04:49:45,2025-05-13 05:47:45
T1140,2025-05-13,cancelled,2025-05-13 19:09:06,2025-05-13 19:29:06,2025-05-13 20:49:06
T1176,2025-05-13,cancelled,2025-05-13 14:47:15,2025-05-13 14:56:15,2025-05-13 16:21:15
T1115,2025-05-12,completed,2025-05-12 05:14:14,2025-05-12 05:22:14,2025-05-12 06:39:14
T1169,2025-05-12,cancelled,2025-05-12 20:38:47,2025-05-12 20:59:47,2025-05-12 22:12:47
T1120,2025-05-12,cancelled,2025-05-12 19:19:16,2025-05-12 19:12:16,2025-05-12 20:28:16
T1147,2025-05-12,cancelled,2025-05-12 11:31:04,2025-05-12 12:01:04,2025-05-12 13:12:04
T1153,2025-05-11,completed,2025-05-11 03:32:00,2025-05-11 04:01:00,2025-05-11 05:17:00
T1177,2025-05-11,completed,2025-05-11 12:17:14,2025-05-11 12:43:14,2025-05-11 14:09:14
T1126,2025-05-11,cancelled,2025-05-11 13:56:41,2025-05-11 13:55:41,2025-05-11 14:59:41
T1165,2025-05-11,cancelled,2025-05-11 07:53:40,2025-05-11 08:00:40,2025-05-11 09:20:40
T1160,2025-05-10,completed,2025-05-10 03:26:46,2025-05-10 03:56:46,2025-05-10 04:37:46
T1199,2025-05-10,completed,2025-05-10 06:31:45,2025-05-10 06:23:45,2025-05-10 07:44:45
T1197,2025-05-10,cancelled,2025-05-10 16:08:23,2025-05-10 16:00:23,2025-05-10 16:47:23
T1172,2025-05-10,cancelled,2025-05-10 09:35:47,2025-05-10 09:33:47,2025-05-10 10:12:47
T1189,2025-05-09,cancelled,2025-05-09 21:26:24,2025-05-09 21:15:24,2025-05-09 22:25:24
T1170,2025-05-09,cancelled,2025-05-09 18:16:12,2025-05-09 18:07:12,2025-05-09 18:42:12
T1200,2025-05-09,completed,2025-05-09 09:36:11,2025-05-09 09:34:11,2025-05-09 11:02:11
T1160,2025-05-09,completed,2025-05-09 21:42:56,2025-05-09 21:12:56,2025-05-09 22:37:56
T1191,2025-05-08,cancelled,2025-05-08 13:48:05,2025-05-08 13:22:05,2025-05-08 14:16:05
T1164,2025-05-08,cancelled,2025-05-08 06:30:14,2025-05-08 06:53:14,2025-05-08 08:07:14
T1194,2025-05-08,cancelled,2025-05-08 10:09:10,2025-05-08 10:04:10,2025-05-08 11:19:10
T1186,2025-05-08,completed,2025-05-08 04:05:18,2025-05-08 03:54:18,2025-05-08 04:31:18
T1160,2025-05-07,completed,2025-05-07 04:49:39,2025-05-07 04:40:39,2025-05-07 05:14:39
T1187,2025-05-07,completed,2025-05-07 19:59:36,2025-05-07 20:10:36,2025-05-07 21:28:36
T1164,2025-05-07,cancelled,2025-05-07 09:26:22,2025-05-07 08:56:22,2025-05-07 09:32:22
T1108,2025-05-07,cancelled,2025-05-07 20:17:16,2025-05-07 19:56:16,2025-05-07 21:22:16
T1162,2025-05-07,cancelled,2025-05-07 07:38:49,2025-05-07 07:34:49,2025-05-07 08:39:49
T1196,2025-05-06,completed,2025-05-06 21:58:43,2025-05-06 21:44:43,2025-05-06 22:44:43
T1195,2025-05-05,completed,2025-05-05 18:32:48,2025-05-05 18:37:48,2025-05-05 19:14:48
T1159,2025-05-04,completed,2025-05-04 13:08:19,2025-05-04 12:52:19,2025-05-04 13:36:19
T1153,2025-05-04,completed,2025-05-04 00:07:04,2025-05-04 00:31:04,2025-05-04 01:08:04
T1143,2025-05-03,completed,2025-05-03 03:42:24,2025-05-03 04:05:24,2025-05-03 04:45:24
T1134,2025-05-03,completed,2025-05-03 14:47:40,2025-05-03 15:12:40,2025-05-03 16:04:40
T1139,2025-05-02,cancelled,2025-05-02 00:47:36,2025-05-02 00:55:36,2025-05-02 02:10:36
T1185,2025-05-02,completed,2025-05-02 02:10:13,2025-05-02 02:24:13,2025-05-02 03:05:13
T1125,2025-05-02,cancelled,2025-05-02 01:33:58,2025-05-02 01:11:58,2025-05-02 02:22:58
T1103,2025-05-02,cancelled,2025-05-02 00:52:42,2025-05-02 00:47:42,2025-05-02 01:36:42
T1191,2025-05-02,completed,2025-05-02 02:48:54,2025-05-02 02:41:54,2025-05-02 04:07:54
T1191,2025-05-01,completed,2025-05-01 14:53:47,2025-05-01 15:02:47,2025-05-01 16:03:47
T1120,2025-05-01,completed,2025-05-01 21:57:36,2025-05-01 22:21:36,2025-05-01 23:30:36
T1123,2025-05-01,cancelled,2025-05-01 20:56:30,2025-05-01 20:55:30,2025-05-01 22:07:30
T1164,2025-05-01,cancelled,2025-05-01 07:04:05,2025-05-01 07:23:05,2025-05-01 08:38:05
T1199,2025-05-01,cancelled,2025-05-01 02:56:49,2025-05-01 02:42:49,2025-05-01 03:26:49
T1193,2025-04-30,cancelled,2025-04-30 02:08:09,2025-04-30 02:38:09,2025-04-30 03:20:09
T1200,2025-04-30,cancelled,2025-04-30 20:59:18,2025-04-30 21:10:18,2025-04-30 22:37:18
T1191,2025-04-30,cancelled,2025-04-30 11:14:17,2025-04-30 10:58:17,2025-04-30 12:17:17
T1123,2025-04-30,cancelled,2025-04-30 11:24:14,2025-04-30 11:22:14,2025-04-30 12:20:14
T1145,2025-04-30,completed,2025-04-30 04:22:06,2025-04-30 04:16:06,2025-04-30 05:37:06
T1142,2025-04-29,completed,2025-04-29 05:09:27,2025-04-29 05:33:27,2025-04-29 06:40:27
T1190,2025-04-29,completed,2025-04-29 12:14:54,2025-04-29 12:14:54,2025-04-29 13:38:54
T1113,2025-04-29,cancelled,2025-04-29 10:18:11,2025-04-29 10:33:11,2025-04-29 11:19:11
T1151,2025-04-28,cancelled,2025-04-28 21:22:02,2025-04-28 21:18:02,2025-04-28 22:20:02
T1149,2025-04-28,completed,2025-04-28 11:02:42,2025-04-28 11:32:42,2025-04-28 12:47:42
T1155,2025-04-28,completed,2025-04-28 07:54:57,2025-04-28 07:43:57,2025-04-28 08:23:57
T1154,2025-04-27,cancelled,2025-04-27 07:49:32,2025-04-27 07:21:32,2025-04-27 08:33:32
T1160,2025-04-26,cancelled,2025-04-26 07:36:30,2025-04-26 07:49:30,2025-04-26 08:32:30
T1172,2025-04-26,cancelled,2025-04-26 18:30:27,2025-04-26 18:47:27,2025-04-26 20:12:27
T1136,2025-04-26,completed,2025-04-26 08:06:54,2025-04-26 07:45:54,2025-04-26 08:54:54
T1164,2025-04-25,completed,2025-04-25 18:04:55,2025-04-25 17:38:55,2025-04-25 19:03:55
T1140,2025-04-25,cancelled,2025-04-25 18:38:56,2025-04-25 19:04:56,2025-04-25 20:31:56
T1166,2025-04-25,cancelled,2025-04-25 04:56:41,2025-04-25 04:29:41,2025-04-25 05:16:41
T1169,2025-04-25,completed,2025-04-25 12:55:16,2025-04-25 13:22:16,2025-04-25 13:52:16
T1152,2025-04-25,cancelled,2025-04-25 16:16:29,2025-04-25 15:56:29,2025-04-25 17:02:29
T1200,2025-04-24,completed,2025-04-24 14:18:43,2025-04-24 14:21:43,2025-04-24 15:37:43
T1123,2025-04-23,completed,2025-04-23 19:34:33,2025-04-23 19:41:33,2025-04-23 20:14:33
T1115,2025-04-23,completed,2025-04-23 23:57:42,2025-04-23 23:39:42,2025-04-24 00:34:42
T1104,2025-04-22,cancelled,2025-04-22 03:49:06,2025-04-22 03:44:06,2025-04-22 04:40:06
T1162,2025-04-22,cancelled,2025-04-22 03:23:40,2025-04-22 03:08:40,2025-04-22 04:07:40
T1104,2025-04-22,completed,2025-04-22 05:57:18,2025-04-22 05:35:18,2025-04-22 06:31:18
T1118,2025-04-22,completed,2025-04-22 01:07:40,2025-04-22 01:19:40,2025-04-22 02:09:40
T1174,2025-04-21,cancelled,2025-04-21 04:10:02,2025-04-21 04:08:02,2025-04-21 05:31:02
T1136,2025-04-21,completed,2025-04-21 19:24:47,2025-04-21 19:50:47,2025-04-21 20:30:47
T1105,2025-04-20,cancelled,2025-04-20 19:27:50,2025-04-20 19:16:50,2025-04-20 20:07:50
T1152,2025-04-20,cancelled,2025-04-20 01:49:26,2025-04-20 01:26:26,2025-04-20 02:12:26
T1155,2025-04-20,cancelled,2025-04-20 05:40:18,2025-04-20 05:42:18,2025-04-20 06:54:18
T1191,2025-04-20,completed,2025-04-20 14:18:10,2025-04-20 14:15:10,2025-04-20 15:23:10
T1186,2025-04-20,completed,2025-04-20 11:52:14,2025-04-20 12:18:14,2025-04-20 13:03:14
T1198,2025-04-19,completed,2025-04-19 16:03:20,2025-04-19 16:17:20,2025-04-19 17:31:20
T1130,2025-04-19,completed,2025-04-19 14:22:10,2025-04-19 13:54:10,2025-04-19 14:25:10
T1180,2025-04-19,completed,2025-04-19 09:37:29,2025-04-19 09:41:29,2025-04-19 10:12:29
T1116,2025-04-19,cancelled,2025-04-19 15:33:56,2025-04-19 15:22:56,2025-04-19 16:39:56
T1197,2025-04-18,cancelled,2025-04-18 18:24:25,2025-04-18 18:18:25,2025-04-18 19:15:25
T1173,2025-04-18,completed,2025-04-18 07:09:54,2025-04-18 07:16:54,2025-04-18 08:25:54
T1168,2025-04-18,completed,2025-04-18 02:20:04,2025-04-18 02:14:04,2025-04-18 03:23:04
T1156,2025-04-18,completed,2025-04-18 16:45:17,2025-04-18 16:23:17,2025-04-18 17:19:17
T1102,2025-04-18,completed,2025-04-18 20:21:21,2025-04-18 20:09:21,2025-04-18 21:05:21
T1171,2025-04-17,cancelled,2025-04-17 16:48:40,2025-04-17 17:04:40,2025-04-17 18:12:40
T1103,2025-04-17,completed,2025-04-17 06:43:13,2025-04-17 07:04:13,2025-04-17 07:38:13
T1168,2025-04-16,completed,2025-04-16 07:08:20,2025-04-16 07:32:20,2025-04-16 08:20:20
T1121,2025-04-16,cancelled,2025-04-16 18:19:54,2025-04-16 18:28:54,2025-04-16 19:38:54
T1179,2025-04-16,cancelled,2025-04-16 15:34:23,2025-04-16 15:50:23,2025-04-16 17:17:23
T1147,2025-04-16,completed,2025-04-16 18:28:31,2025-04-16 18:35:31,2025-04-16 19:06:31
T1170,2025-04-15,cancelled,2025-04-15 19:32:56,2025-04-15 19:59:56,2025-04-15 20:40:56
T1141,2025-04-15,completed,2025-04-15 05:22:55,2025-04-15 05:14:55,2025-04-15 06:27:55
T1153,2025-04-15,cancelled,2025-04-15 01:52:16,2025-04-15 01:30:16,2025-04-15 02:18:16
T1199,2025-04-14,cancelled,2025-04-14 15:30:33,2025-04-14 15:14:33,2025-04-14 16:01:33
T1171,2025-04-13,completed,2025-04-13 02:59:45,2025-04-13 02:52:45,2025-04-13 03:53:45
T1189,2025-04-13,completed,2025-04-13 21:51:20,2025-04-13 21:23:20,2025-04-13 22:47:20
T1200,2025-04-12,completed,2025-04-12 04:31:47,2025-04-12 04:47:47,2025-04-12 06:09:47
T1133,2025-04-11,cancelled,2025-04-11 15:58:21,2025-04-11 16:20:21,2025-04-11 17:16:21
T1119,2025-04-10,completed,2025-04-10 22:32:33,2025-04-10 22:57:33,2025-04-10 23:39:33
T1186,2025-04-10,cancelled,2025-04-10 09:10:41,2025-04-10 08:46:41,2025-04-10 10:05:41
T1190,2025-04-10,completed,2025-04-10 14:05:31,2025-04-10 14:34:31,2025-04-10 15:08:31
T1187,2025-04-10,cancelled,2025-04-10 02:03:01,2025-04-10 02:10:01,2025-04-10 03:02:01
T1147,2025-04-09,completed,2025-04-09 18:54:30,2025-04-09 18:42:30,2025-04-09 19:34:30
T1200,2025-04-09,completed,2025-04-09 12:43:48,2025-04-09 12:43:48,2025-04-09 13:26:48
T1116,2025-04-08,cancelled,2025-04-08 04:47:46,2025-04-08 05:10:46,2025-04-08 06:39:46
T1121,2025-04-08,completed,2025-04-08 05:58:05,2025-04-08 05:43:05,2025-04-08 07:03:05
T1193,2025-04-07,completed,2025-04-07 18:16:28,2025-04-07 18:40:28,2025-04-07 19:26:28
T1164,2025-04-07,completed,2025-04-07 13:46:17,2025-04-07 14:04:17,2025-04-07 15:32:17
T1180,2025-04-07,cancelled,2025-04-07 23:37:07,2025-04-07 23:19:07,2025-04-08 00:31:07
T1120,2025-04-07,cancelled,2025-04-07 19:56:17,2025-04-07 19:58:17,2025-04-07 20:43:17
T1116,2025-04-07,cancelled,2025-04-07 01:18:36,2025-04-07 01:44:36,2025-04-07 02:51:36
T1117,2025-04-06,cancelled,2025-04-06 08:03:53,2025-04-06 08:07:53,2025-04-06 09:26:53
T1147,2025-04-06,cancelled,2025-04-06 13:18:09,2025-04-06 13:01:09,2025-04-06 13:50:09
T1169,2025-04-06,cancelled,2025-04-06 10:56:07,2025-04-06 11:04:07,2025-04-06 11:38:07
T1122,2025-04-06,cancelled,2025-04-06 20:50:43,2025-04-06 20:35:43,2025-04-06 21:11:43
T1132,2025-04-05,cancelled,2025-04-05 23:28:22,2025-04-05 23:00:22,2025-04-06 00:22:22
T1125,2025-04-05,cancelled,2025-04-05 13:08:16,2025-04-05 13:37:16,2025-04-05 14:49:16
T1198,2025-04-05,cancelled,2025-04-05 12:38:01,2025-04-05 12:52:01,2025-04-05 14:01:01
T1126,2025-04-05,cancelled,2025-04-05 09:44:31,2025-04-05 10:02:31,2025-04-05 11:00:31
T1151,2025-04-05,completed,2025-04-05 20:30:10,2025-04-05 20:13:10,2025-04-05 21:09:10
T1110,2025-04-04,completed,2025-04-04 18:55:54,2025-04-04 19:20:54,2025-04-04 20:05:54
T1143,2025-04-03,completed,2025-04-03 01:28:16,2025-04-03 01:54:16,2025-04-03 03:01:16
T1129,2025-04-03,completed,2025-04-03 12:27:00,2025-04-03 12:51:00,2025-04-03 13:21:00
T1121,2025-04-03,completed,2025-04-03 16:10:39,2025-04-03 16:36:39,2025-04-03 17:35:39
T1177,2025-04-03,completed,2025-04-03 23:21:24,2025-04-03 23:43:24,2025-04-04 00:15:24
T1153,2025-04-03,cancelled,2025-04-03 18:55:44,2025-04-03 18:26:44,2025-04-03 19:52:44
T1189,2025-04-02,cancelled,2025-04-02 10:43:47,2025-04-02 10:28:47,2025-04-02 10:58:47
T1162,2025-04-02,completed,2025-04-02 22:29:07,2025-04-02 22:11:07,2025-04-02 23:00:07
T1183,2025-04-02,completed,2025-04-02 19:19:49,2025-04-02 18:59:49,2025-04-02 19:39:49
T1141,2025-04-02,cancelled,2025-04-02 13:43:47,2025-04-02 14:05:47,2025-04-02 14:36:47
T1176,2025-04-02,completed,2025-04-02 07:26:53,2025-04-02 07:17:53,2025-04-02 07:56:53
T1117,2025-04-01,cancelled,2025-04-01 10:24:20,2025-04-01 10:24:20,2025-04-01 11:01:20
T1102,2025-04-01,cancelled,2025-04-01 09:17:22,2025-04-01 09:24:22,2025-04-01 09:54:22
T1174,2025-04-01,cancelled,2025-04-01 04:53:49,2025-04-01 05:14:49,2025-04-01 05:50:49
T1146,2025-03-31,completed,2025-03-31 08:01:45,2025-03-31 08:22:45,2025-03-31 09:32:45
T1149,2025-03-31,completed,2025-03-31 01:08:08,2025-03-31 01:35:08,2025-03-31 02:55:08
T1135,2025-03-31,cancelled,2025-03-31 16:18:59,2025-03-31 16:30:59,2025-03-31 17:33:59
T1122,2025-03-31,completed,2025-03-31 01:24:52,2025-03-31 01:03:52,2025-03-31 01:47:52
T1186,2025-03-31,cancelled,2025-03-31 08:40:34,2025-03-31 08:42:34,2025-03-31 09:47:34
T1100,2025-03-30,cancelled,2025-03-30 02:31:01,2025-03-30 02:22:01,2025-03-30 03:23:01
T1175,2025-03-29,completed,2025-03-29 16:55:11,2025-03-29 17:25:11,2025-03-29 18:39:11
T1169,2025-03-29,cancelled,2025-03-29 05:26:38,2025-03-29 05:35:38,2025-03-29 06:17:38
T1129,2025-03-29,completed,2025-03-29 04:19:02,2025-03-29 04:47:02,2025-03-29 05:25:02
T1162,2025-03-29,completed,2025-03-29 13:59:10,2025-03-29 14:00:10,2025-03-29 14:37:10
T1136,2025-03-28,completed,2025-03-28 20:22:07,2025-03-28 20:18:07,2025-03-28 21:25:07
T1117,2025-03-28,cancelled,2025-03-28 07:17:13,2025-03-28 07:40:13,2025-03-28 08:19:13
T1111,2025-03-28,completed,2025-03-28 14:14:30,2025-03-28 13:49:30,2025-03-28 15:15:30
T1101,2025-03-27,completed,2025-03-27 07:33:04,2025-03-27 07:05:04,2025-03-27 08:06:04
T1152,2025-03-26,cancelled,2025-03-26 21:56:55,2025-03-26 21:50:55,2025-03-26 23:05:55
T1131,2025-03-26,cancelled,2025-03-26 12:21:45,2025-03-26 12:45:45,2025-03-26 13:54:45
T1105,2025-03-26,completed,2025-03-26 18:21:17,2025-03-26 18:26:17,2025-03-26 19:09:17
T1134,2025-03-26,cancelled,2025-03-26 09:06:01,2025-03-26 08:41:01,2025-03-26 09:45:01
T1147,2025-03-26,completed,2025-03-26 12:25:39,2025-03-26 12:05:39,2025-03-26 12:54:39
T1113,2025-03-25,completed,2025-03-25 11:07:41,2025-03-25 10:52:41,2025-03-25 11:50:41
T1107,2025-03-25,completed,2025-03-25 08:33:37,2025-03-25 08:54:37,2025-03-25 10:24:37
T1174,2025-03-25,cancelled,2025-03-25 04:42:57,2025-03-25 04:46:57,2025-03-25 05:38:57
T1165,2025-03-24,completed,2025-03-24 19:18:27,2025-03-24 19:47:27,2025-03-24 20:23:27
T1111,2025-03-24,completed,2025-03-24 17:36:42,2025-03-24 17:50:42,2025-03-24 19:02:42
T1101,2025-03-24,completed,2025-03-24 21:52:29,2025-03-24 21:29:29,2025-03-24 22:32:29
T1108,2025-03-24,cancelled,2025-03-24 14:52:15,2025-03-24 14:56:15,2025-03-24 16:20:15
T1158,2025-03-23,completed,2025-03-23 14:26:39,2025-03-23 14:53:39,2025-03-23 16:03:39
T1200,2025-03-23,cancelled,2025-03-23 17:59:26,2025-03-23 17:38:26,2025-03-23 18:58:26
T1178,2025-03-23,completed,2025-03-23 21:49:59,2025-03-23 22:12:59,2025-03-23 23:28:59
T1172,2025-03-23,completed,2025-03-23 14:47:41,2025-03-23 14:51:41,2025-03-23 15:26:41
T1184,2025-03-23,cancelled,2025-03-23 17:06:40,2025-03-23 17:34:40,2025-03-23 18:44:40
T1199,2025-03-22,completed,2025-03-22 21:25:52,2025-03-22 21:46:52,2025-03-22 22:38:52
T1131,2025-03-22,cancelled,2025-03-22 08:02:27,2025-03-22 08:09:27,2025-03-22 09:01:27
T1176,2025-03-21,cancelled,2025-03-21 23:22:19,2025-03-21 23:26:19,2025-03-22 00:53:19
T1163,2025-03-20,completed,2025-03-20 16:34:23,2025-03-20 16:45:23,2025-03-20 18:12:23
T1137,2025-03-20,completed,2025-03-20 10:05:31,2025-03-20 09:44:31,2025-03-20 10:35:31
T1106,2025-03-20,completed,2025-03-20 16:16:29,2025-03-20 16:43:29,2025-03-20 17:36:29
T1104,2025-03-20,completed,2025-03-20 04:28:33,2025-03-20 03:58:33,2025-03-20 05:27:33
T1162,2025-03-19,completed,2025-03-19 23:23:30,2025-03-19 23:42:30,2025-03-20 01:07:30
T1120,2025-03-19,completed,2025-03-19 15:54:16,2025-03-19 16:10:16,2025-03-19 16:47:16
T1174,2025-03-18,completed,2025-03-18 05:12:24,2025-03-18 05:08:24,2025-03-18 06:13:24
T1149,2025-03-18,cancelled,2025-03-18 03:38:38,2025-03-18 03:17:38,2025-03-18 04:38:38
T1188,2025-03-18,completed,2025-03-18 12:08:39,2025-03-18 11:41:39,2025-03-18 12:30:39
T1105,2025-03-17,completed,2025-03-17 09:25:56,2025-03-17 09:47:56,2025-03-17 11:01:56
T1134,2025-03-16,completed,2025-03-16 11:33:48,2025-03-16 11:04:48,2025-03-16 12:14:48
T1128,2025-03-16,completed,2025-03-16 01:45:50,2025-03-16 02:09:50,2025-03-16 03:03:50
T1184,2025-03-15,completed,2025-03-15 03:51:17,2025-03-15 03:56:17,2025-03-15 04:47:17
T1112,2025-03-15,completed,2025-03-15 06:41:10,2025-03-15 06:46:10,2025-03-15 07:51:10
T1199,2025-03-14,cancelled,2025-03-14 07:11:20,2025-03-14 07:32:20,2025-03-14 08:20:20
T1192,2025-03-14,cancelled,2025-03-14 22:10:10,2025-03-14 21:43:10,2025-03-14 22:59:10
T1170,2025-03-13,completed,2025-03-13 06:47:46,2025-03-13 06:28:46,2025-03-13 07:43:46
T1116,2025-03-13,completed,2025-03-13 08:52:36,2025-03-13 09:18:36,2025-03-13 10:13:36
T1151,2025-03-13,completed,2025-03-13 04:34:25,2025-03-13 04:19:25,2025-03-13 05:35:25
T1110,2025-03-12,cancelled,2025-03-12 14:46:35,2025-03-12 15:11:35,2025-03-12 15:53:35
T1104,2025-03-12,cancelled,2025-03-12 06:01:21,2025-03-12 05:39:21,2025-03-12 07:00:21
T1198,2025-03-12,completed,2025-03-12 16:56:21,2025-03-12 16:34:21,2025-03-12 17:44:21
T1114,2025-03-12,cancelled,2025-03-12 19:46:44,2025-03-12 19:23:44,2025-03-12 20:04:44
T1103,2025-03-12,completed,2025-03-12 21:36:27,2025-03-12 21:15:27,2025-03-12 22:45:27
T1155,2025-03-11,cancelled,2025-03-11 22:07:08,2025-03-11 22:03:08,2025-03-11 23:29:08
T1188,2025-03-11,cancelled,2025-03-11 16:06:25,2025-03-11 15:54:25,2025-03-11 17:24:25
T1158,2025-03-11,completed,2025-03-11 18:19:08,2025-03-11 18:36:08,2025-03-11 19:55:08
T1174,2025-03-11,completed,2025-03-11 06:30:39,2025-03-11 06:49:39,2025-03-11 07:48:39
T1127,2025-03-10,completed,2025-03-10 09:17:04,2025-03-10 08:47:04,2025-03-10 09:28:04
T1110,2025-03-10,cancelled,2025-03-10 17:18:29,2025-03-10 16:56:29,2025-03-10 18:11:29
T1198,2025-03-09,cancelled,2025-03-09 08:08:34,2025-03-09 08:01:34,2025-03-09 09:18:34
T1115,2025-03-09,completed,2025-03-09 00:57:17,2025-03-09 00:46:17,2025-03-09 01:33:17
T1151,2025-03-08,cancelled,2025-03-08 04:28:54,2025-03-08 04:36:54,2025-03-08 05:54:54
T1141,2025-03-07,cancelled,2025-03-07 01:57:11,2025-03-07 02:14:11,2025-03-07 03:32:11
T1175,2025-03-07,cancelled,2025-03-07 04:49:10,2025-03-07 04:34:10,2025-03-07 05:53:10
T1122,2025-03-07,completed,2025-03-07 17:45:00,2025-03-07 18:10:00,2025-03-07 18:42:00
T1121,2025-03-06,cancelled,2025-03-06 14:19:23,2025-03-06 14:10:23,2025-03-06 14:49:23
T1112,2025-03-06,cancelled,2025-03-06 12:31:19,2025-03-06 12:23:19,2025-03-06 13:18:19
T1166,2025-03-05,completed,2025-03-05 03:47:42,2025-03-05 03:28:42,2025-03-05 04:11:42
T1177,2025-03-05,completed,2025-03-05 20:31:05,2025-03-05 20:09:05,2025-03-05 21:20:05
T1112,2025-03-05,completed,2025-03-05 21:23:36,2025-03-05 21:45:36,2025-03-05 23:13:36
T1197,2025-03-05,completed,2025-03-05 13:25:54,2025-03-05 12:57:54,2025-03-05 13:45:54
T1135,2025-03-05,cancelled,2025-03-05 01:48:41,2025-03-05 02:16:41,2025-03-05 03:24:41
T1134,2025-03-04,cancelled,2025-03-04 14:07:39,2025-03-04 14:35:39,2025-03-04 15:11:39
T1137,2025-03-04,cancelled,2025-03-04 07:29:14,2025-03-04 07:03:14,2025-03-04 08:03:14
T1157,2025-03-04,cancelled,2025-03-04 21:54:40,2025-03-04 22:20:40,2025-03-04 23:25:40
T1159,2025-03-04,cancelled,2025-03-04 22:31:07,2025-03-04 22:12:07,2025-03-04 23:19:07
T1113,2025-03-03,cancelled,2025-03-03 05:03:18,2025-03-03 04:33:18,2025-03-03 05:24:18
T1114,2025-03-03,completed,2025-03-03 14:53:08,2025-03-03 15:04:08,2025-03-03 16:02:08
T1186,2025-03-03,cancelled,2025-03-03 19:04:56,2025-03-03 19:27:56,2025-03-03 20:52:56
T1138,2025-03-03,completed,2025-03-03 15:47:21,2025-03-03 16:17:21,2025-03-03 17:06:21
T1157,2025-03-03,cancelled,2025-03-03 15:50:17,2025-03-03 15:23:17,2025-03-03 16:14:17
T1175,2025-03-02,cancelled,2025-03-02 10:17:02,2025-03-02 09:54:02,2025-03-02 10:29:02
T1159,2025-03-02,completed,2025-03-02 07:50:35,2025-03-02 07:50:35,2025-03-02 08:59:35
T1162,2025-03-02,completed,2025-03-02 11:48:36,2025-03-02 11:34:36,2025-03-02 12:56:36
T1200,2025-03-02,cancelled,2025-03-02 03:29:50,2025-03-02 03:19:50,2025-03-02 04:12:50
T1146,2025-03-01,cancelled,2025-03-01 05:01:07,2025-03-01 04:52:07,2025-03-01 05:36:07
T1192,2025-02-28,completed,2025-02-28 14:13:03,2025-02-28 14:43:03,2025-02-28 15:47:03
T1197,2025-02-28,cancelled,2025-02-28 23:11:53,2025-02-28 23:30:53,2025-03-01 00:24:53
T1155,2025-02-28,completed,2025-02-28 21:47:07,2025-02-28 22:09:07,2025-02-28 22:59:07
T1138,2025-02-28,completed,2025-02-28 07:18:20,2025-02-28 07:23:20,2025-02-28 08:38:20
T1150,2025-02-27,completed,2025-02-27 18:03:10,2025-02-27 18:11:10,2025-02-27 19:22:10
T1104,2025-02-26,completed,2025-02-26 20:57:01,2025-02-26 21:16:01,2025-02-26 22:40:01
T1175,2025-02-26,completed,2025-02-26 03:51:33,2025-02-26 04:13:33,2025-02-26 05:01:33
T1152,2025-02-26,cancelled,2025-02-26 03:05:57,2025-02-26 03:19:57,2025-02-26 04:18:57
T1159,2025-02-25,cancelled,2025-02-25 14:16:08,2025-02-25 14:00:08,2025-02-25 14:42:08
T1119,2025-02-25,cancelled,2025-02-25 02:10:12,2025-02-25 01:42:12,2025-02-25 02:25:12
T1129,2025-02-25,completed,2025-02-25 00:07:04,2025-02-25 00:33:04,2025-02-25 01:42:04
T1192,2025-02-25,completed,2025-02-25 21:57:58,2025-02-25 21:55:58,2025-02-25 23:22:58
T1138,2025-02-25,completed,2025-02-25 22:13:06,2025-02-25 22:32:06,2025-02-25 23:06:06
T1123,2025-02-24,cancelled,2025-02-24 07:55:22,2025-02-24 07:25:22,2025-02-24 08:20:22
T1169,2025-02-24,completed,2025-02-24 19:38:28,2025-02-24 19:58:28,2025-02-24 20:39:28
T1141,2025-02-24,completed,2025-02-24 05:21:18,2025-02-24 05:31:18,2025-02-24 07:01:18
T1164,2025-02-24,cancelled,2025-02-24 17:19:06,2025-02-24 17:14:06,2025-02-24 18:14:06
T1169,2025-02-24,completed,2025-02-24 12:51:01,2025-02-24 13:01:01,2025-02-24 14:03:01
T1162,2025-02-23,cancelled,2025-02-23 09:07:09,2025-02-23 09:10:09,2025-02-23 09:41:09
T1165,2025-02-23,completed,2025-02-23 02:15:02,2025-02-23 02:11:02,2025-02-23 02:41:02
T1139,2025-02-23,cancelled,2025-02-23 14:59:38,2025-02-23 14:50:38,2025-02-23 15:56:38
T1157,2025-02-23,completed,2025-02-23 07:10:20,2025-02-23 07:34:20,2025-02-23 08:48:20
T1143,2025-02-22,completed,2025-02-22 22:11:15,2025-02-22 22:29:15,2025-02-22 23:55:15
T1173,2025-02-22,completed,2025-02-22 00:38:56,2025-02-22 00:08:56,2025-02-22 01:12:56
T1156,2025-02-21,cancelled,2025-02-21 06:03:55,2025-02-21 05:58:55,2025-02-21 06:58:55
T1198,2025-02-20,completed,2025-02-20 07:38:14,2025-02-20 07:09:14,2025-02-20 08:10:14
T1149,2025-02-19,cancelled,2025-02-19 16:44:14,2025-02-19 16:29:14,2025-02-19 17:17:14
T1109,2025-02-19,cancelled,2025-02-19 03:18:21,2025-02-19 02:59:21,2025-02-19 04:05:21
T1118,2025-02-19,completed,2025-02-19 17:57:05,2025-02-19 17:49:05,2025-02-19 18:50:05
T1165,2025-02-18,cancelled,2025-02-18 01:14:45,2025-02-18 01:31:45,2025-02-18 02:34:45
T1178,2025-02-18,cancelled,2025-02-18 22:01:44,2025-02-18 22:27:44,2025-02-18 23:00:44
T1171,2025-02-17,cancelled,2025-02-17 13:28:06,2025-02-17 13:31:06,2025-02-17 14:23:06
T1173,2025-02-16,completed,2025-02-16 01:24:11,2025-02-16 01:49:11,2025-02-16 02:40:11
T1134,2025-02-15,cancelled,2025-02-15 08:38:51,2025-02-15 08:32:51,2025-02-15 09:51:51
T1144,2025-02-15,completed,2025-02-15 20:43:31,2025-02-15 20:58:31,2025-02-15 21:57:31
T1169,2025-02-14,cancelled,2025-02-14 10:57:46,2025-02-14 11:15:46,2025-02-14 12:18:46
T1183,2025-02-14,completed,2025-02-14 07:48:41,2025-02-14 08:12:41,2025-02-14 09:00:41
T1102,2025-02-13,completed,2025-02-13 09:26:56,2025-02-13 09:52:56,2025-02-13 10:48:56
T1142,2025-02-13,cancelled,2025-02-13 07:53:22,2025-02-13 07:41:22,2025-02-13 08:57:22
T1120,2025-02-13,cancelled,2025-02-13 01:24:19,2025-02-13 01:42:19,2025-02-13 02:26:19
T1133,2025-02-12,completed,2025-02-12 11:51:00,2025-02-12 11:30:00,2025-02-12 12:14:00
T1112,2025-02-12,cancelled,2025-02-12 04:54:46,2025-02-12 05:12:46,2025-02-12 06:29:46
T1108,2025-02-12,completed,2025-02-12 06:30:24,2025-02-12 06:12:24,2025-02-12 07:07:24
T1181,2025-02-12,completed,2025-02-12 02:59:16,2025-02-12 02:34:16,2025-02-12 03:37:16
T1147,2025-02-12,cancelled,2025-02-12 13:38:22,2025-02-12 13:55:22,2025-02-12 15:04:22
T1196,2025-02-11,completed,2025-02-11 09:59:32,2025-02-11 09:52:32,2025-02-11 11:09:32
T1186,2025-02-10,cancelled,2025-02-10 09:19:53,2025-02-10 09:41:53,2025-02-10 10:38:53
T1132,2025-02-09,cancelled,2025-02-09 03:28:29,2025-02-09 03:15:29,2025-02-09 04:04:29
T1172,2025-02-09,cancelled,2025-02-09 21:51:14,2025-02-09 21:22:14,2025-02-09 22:15:14
T1135,2025-02-09,cancelled,2025-02-09 07:18:32,2025-02-09 07:10:32,2025-02-09 08:39:32
T1139,2025-02-08,completed,2025-02-08 16:28:33,2025-02-08 16:42:33,2025-02-08 18:09:33
T1132,2025-02-08,cancelled,2025-02-08 07:17:28,2025-02-08 07:25:28,2025-02-08 08:45:28
T1165,2025-02-08,cancelled,2025-02-08 17:01:08,2025-02-08 17:12:08,2025-02-08 17:49:08
T1152,2025-02-07,cancelled,2025-02-07 19:52:57,2025-02-07 19:45:57,2025-02-07 20:21:57
T1173,2025-02-07,cancelled,2025-02-07 21:39:12,2025-02-07 21:12:12,2025-02-07 22:38:12
T1191,2025-02-07,cancelled,2025-02-07 05:37:01,2025-02-07 05:53:01,2025-02-07 07:06:01
T1120,2025-02-07,cancelled,2025-02-07 14:20:43,2025-02-07 14:39:43,2025-02-07 15:10:43
T1120,2025-02-06,completed,2025-02-06 15:07:47,2025-02-06 15:33:47,2025-02-06 16:25:47
T1129,2025-02-06,completed,2025-02-06 08:20:46,2025-02-06 08:33:46,2025-02-06 10:01:46
T1161,2025-02-06,completed,2025-02-06 04:53:34,2025-02-06 05:00:34,2025-02-06 05:37:34
T1152,2025-02-06,cancelled,2025-02-06 16:03:45,2025-02-06 15:48:45,2025-02-06 17:15:45
T1187,2025-02-06,cancelled,2025-02-06 21:24:04,2025-02-06 21:43:04,2025-02-06 22:15:04
T1131,2025-02-05,cancelled,2025-02-05 22:57:58,2025-02-05 22:40:58,2025-02-05 23:45:58
T1186,2025-02-04,completed,2025-02-04 07:31:11,2025-02-04 08:01:11,2025-02-04 09:26:11
T1120,2025-02-04,cancelled,2025-02-04 00:19:47,2025-02-04 00:44:47,2025-02-04 01:51:47
T1145,2025-02-04,cancelled,2025-02-04 05:18:15,2025-02-04 04:59:15,2025-02-04 05:34:15
T1196,2025-02-03,completed,2025-02-03 15:08:53,2025-02-03 14:38:53,2025-02-03 16:03:53
T1164,2025-02-03,completed,2025-02-03 19:43:57,2025-02-03 19:41:57,2025-02-03 21:04:57
T1120,2025-02-03,cancelled,2025-02-03 10:03:25,2025-02-03 09:47:25,2025-02-03 10:52:25
T1188,2025-02-03,completed,2025-02-03 09:00:32,2025-02-03 09:09:32,2025-02-03 09:40:32
T1136,2025-02-02,cancelled,2025-02-02 22:38:30,2025-02-02 22:10:30,2025-02-02 23:03:30
T1136,2025-02-02,completed,2025-02-02 10:59:30,2025-02-02 11:16:30,2025-02-02 12:45:30
T1123,2025-02-02,cancelled,2025-02-02 09:29:38,2025-02-02 09:07:38,2025-02-02 10:19:38
T1106,2025-02-02,completed,2025-02-02 08:29:34,2025-02-02 08:46:34,2025-02-02 10:15:34
T1152,2025-02-02,cancelled,2025-02-02 02:06:32,2025-02-02 02:22:32,2025-02-02 03:13:32
T1166,2025-02-01,cancelled,2025-02-01 22:07:36,2025-02-01 21:54:36,2025-02-01 23:18:36
T1118,2025-02-01,completed,2025-02-01 15:16:32,2025-02-01 15:41:32,2025-02-01 16:50:32
T1153,2025-01-31,completed,2025-01-31 18:23:45,2025-01-31 18:11:45,2025-01-31 19:39:45
T1127,2025-01-31,completed,2025-01-31 17:40:56,2025-01-31 17:19:56,2025-01-31 18:40:56
T1143,2025-01-31,completed,2025-01-31 18:42:07,2025-01-31 18:33:07,2025-01-31 19:47:07
T1136,2025-01-31,completed,2025-01-31 12:06:05,2025-01-31 12:14:05,2025-01-31 13:00:05
T1181,2025-01-31,cancelled,2025-01-31 14:33:34,2025-01-31 15:01:34,2025-01-31 15:33:34
T1154,2025-01-30,completed,2025-01-30 05:51:41,2025-01-30 06:11:41,2025-01-30 07:18:41
T1169,2025-01-30,cancelled,2025-01-30 13:23:10,2025-01-30 13:07:10,2025-01-30 14:09:10
T1188,2025-01-30,completed,2025-01-30 16:45:22,2025-01-30 17:06:22,2025-01-30 18:19:22
T1109,2025-01-30,cancelled,2025-01-30 10:52:21,2025-01-30 11:20:21,2025-01-30 11:57:21
T1171,2025-01-30,completed,2025-01-30 17:24:49,2025-01-30 17:27:49,2025-01-30 18:13:49
T1135,2025-01-29,cancelled,2025-01-29 23:24:46,2025-01-29 23:43:46,2025-01-30 00:36:46
T1185,2025-01-29,cancelled,2025-01-29 22:58:56,2025-01-29 23:25:56,2025-01-30 00:34:56
T1101,2025-01-29,completed,2025-01-29 17:12:50,2025-01-29 16:45:50,2025-01-29 17:58:50
T1112,2025-01-29,completed,2025-01-29 01:21:18,2025-01-29 01:05:18,2025-01-29 02:16:18
T1177,2025-01-29,cancelled,2025-01-29 11:00:30,2025-01-29 11:29:30,2025-01-29 12:41:30
T1126,2025-01-28,cancelled,2025-01-28 00:59:28,2025-01-28 00:43:28,2025-01-28 02:07:28
T1175,2025-01-28,completed,2025-01-28 05:05:52,2025-01-28 04:37:52,2025-01-28 05:07:52
T1121,2025-01-27,completed,2025-01-27 13:01:22,2025-01-27 13:12:22,2025-01-27 14:03:22
T1140,2025-01-27,cancelled,2025-01-27 07:44:13,2025-01-27 07:25:13,2025-01-27 08:26:13
T1172,2025-01-26,completed,2025-01-26 17:32:28,2025-01-26 18:02:28,2025-01-26 18:49:28
T1114,2025-01-25,completed,2025-01-25 03:34:49,2025-01-25 03:28:49,2025-01-25 04:17:49
T1157,2025-01-25,cancelled,2025-01-25 13:33:32,2025-01-25 13:47:32,2025-01-25 14:47:32
T1103,2025-01-24,cancelled,2025-01-24 07:42:46,2025-01-24 07:53:46,2025-01-24 09:22:46
T1183,2025-01-24,cancelled,2025-01-24 08:33:03,2025-01-24 08:24:03,2025-01-24 09:22:03
T1113,2025-01-24,cancelled,2025-01-24 19:28:33,2025-01-24 19:22:33,2025-01-24 20:43:33
T1195,2025-01-23,completed,2025-01-23 07:59:22,2025-01-23 08:21:22,2025-01-23 09:17:22
T1177,2025-01-23,completed,2025-01-23 06:28:37,2025-01-23 06:17:37,2025-01-23 07:22:37
T1149,2025-01-23,cancelled,2025-01-23 00:42:55,2025-01-23 00:29:55,2025-01-23 01:29:55
T1144,2025-01-23,cancelled,2025-01-23 01:09:51,2025-01-23 00:39:51,2025-01-23 01:11:51
T1109,2025-01-23,cancelled,2025-01-23 08:22:19,2025-01-23 08:40:19,2025-01-23 09:40:19
T1146,2025-01-22,completed,2025-01-22 18:00:13,2025-01-22 18:15:13,2025-01-22 19:21:13
T1145,2025-01-22,completed,2025-01-22 01:34:56,2025-01-22 01:42:56,2025-01-22 02:29:56
T1199,2025-01-22,cancelled,2025-01-22 04:20:01,2025-01-22 04:36:01,2025-01-22 05:28:01
T1135,2025-01-22,cancelled,2025-01-22 13:12:16,2025-01-22 13:39:16,2025-01-22 14:40:16
T1159,2025-01-22,completed,2025-01-22 22:52:37,2025-01-22 23:08:37,2025-01-23 00:37:37
T1179,2025-01-21,cancelled,2025-01-21 12:35:36,2025-01-21 12:41:36,2025-01-21 14:02:36
T1143,2025-01-21,cancelled,2025-01-21 06:20:36,2025-01-21 06:23:36,2025-01-21 07:51:36
T1179,2025-01-20,completed,2025-01-20 12:18:13,2025-01-20 12:44:13,2025-01-20 14:06:13
T1154,2025-01-20,completed,2025-01-20 21:54:33,2025-01-20 22:07:33,2025-01-20 23:03:33
T1185,2025-01-20,cancelled,2025-01-20 18:34:04,2025-01-20 18:12:04,2025-01-20 19:22:04
T1109,2025-01-20,cancelled,2025-01-20 03:31:05,2025-01-20 03:54:05,2025-01-20 04:34:05
T1160,2025-01-20,completed,2025-01-20 15:55:45,2025-01-20 16:17:45,2025-01-20 16:55:45
T1165,2025-01-19,completed,2025-01-19 19:05:44,2025-01-19 18:49:44,2025-01-19 20:11:44
T1138,2025-01-19,cancelled,2025-01-19 18:29:31,2025-01-19 18:51:31,2025-01-19 19:24:31
T1112,2025-01-19,cancelled,2025-01-19 13:07:06,2025-01-19 13:20:06,2025-01-19 14:11:06
T1151,2025-01-18,cancelled,2025-01-18 03:37:55,2025-01-18 03:32:55,2025-01-18 04:58:55
T1107,2025-01-17,cancelled,2025-01-17 21:26:03,2025-01-17 21:31:03,2025-01-17 22:31:03
T1159,2025-01-17,completed,2025-01-17 12:36:46,2025-01-17 12:44:46,2025-01-17 13:36:46
T1168,2025-01-16,completed,2025-01-16 00:33:15,2025-01-16 00:24:15,2025-01-16 01:16:15
T1106,2025-01-16,cancelled,2025-01-16 23:59:01,2025-01-17 00:29:01,2025-01-17 01:48:01
T1195,2025-01-16,completed,2025-01-16 17:43:49,2025-01-16 18:02:49,2025-01-16 18:50:49
T1101,2025-01-16,cancelled,2025-01-16 12:01:01,2025-01-16 12:20:01,2025-01-16 13:41:01
T1176,2025-01-15,cancelled,2025-01-15 05:13:18,2025-01-15 05:07:18,2025-01-15 05:44:18
T1154,2025-01-15,completed,2025-01-15 16:14:40,2025-01-15 16:13:40,2025-01-15 17:03:40
T1111,2025-01-15,completed,2025-01-15 16:53:06,2025-01-15 16:49:06,2025-01-15 17:51:06
T1106,2025-01-15,cancelled,2025-01-15 09:33:44,2025-01-15 09:15:44,2025-01-15 10:23:44
T1141,2025-01-15,cancelled,2025-01-15 03:50:56,2025-01-15 03:40:56,2025-01-15 04:46:56
T1115,2025-01-14,cancelled,2025-01-14 15:30:43,2025-01-14 15:46:43,2025-01-14 16:48:43
T1183,2025-01-14,completed,2025-01-14 14:16:16,2025-01-14 14:03:16,2025-01-14 14:45:16
T1158,2025-01-14,completed,2025-01-14 04:45:57,2025-01-14 04:38:57,2025-01-14 05:38:57
T1140,2025-01-14,cancelled,2025-01-14 03:56:34,2025-01-14 04:04:34,2025-01-14 05:12:34
T1119,2025-01-13,cancelled,2025-01-13 14:45:42,2025-01-13 14:39:42,2025-01-13 15:20:42
T1117,2025-01-12,cancelled,2025-01-12 19:33:39,2025-01-12 19:25:39,2025-01-12 20:30:39
T1134,2025-01-12,completed,2025-01-12 01:40:39,2025-01-12 01:59:39,2025-01-12 02:30:39
T1159,2025-01-11,completed,2025-01-11 05:36:33,2025-01-11 05:10:33,2025-01-11 06:28:33
T1198,2025-01-11,cancelled,2025-01-11 14:35:01,2025-01-11 15:03:01,2025-01-11 16:09:01
T1193,2025-01-11,completed,2025-01-11 03:52:57,2025-01-11 03:35:57,2025-01-11 04:26:57
T1183,2025-01-11,completed,2025-01-11 11:58:59,2025-01-11 11:55:59,2025-01-11 12:35:59
T1161,2025-01-11,cancelled,2025-01-11 06:47:37,2025-01-11 06:29:37,2025-01-11 07:54:37
T1172,2025-01-10,completed,2025-01-10 23:57:43,2025-01-11 00:22:43,2025-01-11 01:22:43
T1154,2025-01-10,completed,2025-01-10 23:59:02,2025-01-10 23:43:02,2025-01-11 00:36:02
T1126,2025-01-10,cancelled,2025-01-10 12:40:49,2025-01-10 12:26:49,2025-01-10 13:10:49
T1107,2025-01-09,completed,2025-01-09 07:39:20,2025-01-09 07:57:20,2025-01-09 08:46:20
T1179,2025-01-09,completed,2025-01-09 21:17:01,2025-01-09 21:29:01,2025-01-09 22:38:01
T1160,2025-01-09,cancelled,2025-01-09 00:23:35,2025-01-09 00:35:35,2025-01-09 01:18:35
T1149,2025-01-09,completed,2025-01-09 20:03:08,2025-01-09 19:47:08,2025-01-09 21:10:08
T1133,2025-01-08,completed,2025-01-08 15:13:17,2025-01-08 15:13:17,2025-01-08 16:32:17
T1160,2025-01-08,completed,2025-01-08 01:44:59,2025-01-08 01:28:59,2025-01-08 02:44:59
T1108,2025-01-08,completed,2025-01-08 21:05:26,2025-01-08 21:17:26,2025-01-08 22:29:26
T1109,2025-01-08,completed,2025-01-08 17:52:50,2025-01-08 17:42:50,2025-01-08 19:05:50
T1189,2025-01-07,cancelled,2025-01-07 20:03:12,2025-01-07 19:47:12,2025-01-07 20:52:12
T1106,2025-01-07,completed,2025-01-07 14:31:54,2025-01-07 14:47:54,2025-01-07 16:16:54
T1126,2025-01-06,cancelled,2025-01-06 04:56:52,2025-01-06 05:16:52,2025-01-06 06:22:52
T1190,2025-01-06,cancelled,2025-01-06 22:23:46,2025-01-06 22:16:46,2025-01-06 23:33:46
T1159,2025-01-06,cancelled,2025-01-06 00:31:50,2025-01-06 00:33:50,2025-01-06 01:16:50
T1143,2025-01-06,cancelled,2025-01-06 15:53:09,2025-01-06 16:22:09,2025-01-06 16:54:09
T1137,2025-01-06,completed,2025-01-06 17:05:03,2025-01-06 17:19:03,2025-01-06 18:16:03
T1176,2025-01-05,completed,2025-01-05 23:24:53,2025-01-05 23:46:53,2025-01-06 00:24:53
T1185,2025-01-05,completed,2025-01-05 14:02:33,2025-01-05 14:06:33,2025-01-05 15:30:33
T1197,2025-01-05,completed,2025-01-05 06:01:27,2025-01-05 05:31:27,2025-01-05 06:24:27
T1187,2025-01-05,completed,2025-01-05 17:06:36,2025-01-05 17:01:36,2025-01-05 17:52:36
T1195,2025-01-04,cancelled,2025-01-04 16:43:32,2025-01-04 16:18:32,2025-01-04 17:38:32
T1129,2025-01-04,completed,2025-01-04 13:51:22,2025-01-04 14:08:22,2025-01-04 15:38:22
T1154,2025-01-04,cancelled,2025-01-04 19:00:10,2025-01-04 18:38:10,2025-01-04 20:08:10
T1170,2025-01-04,cancelled,2025-01-04 17:16:56,2025-01-04 16:56:56,2025-01-04 18:25:56
T1160,2025-01-03,cancelled,2025-01-03 11:30:32,2025-01-03 11:52:32,2025-01-03 13:08:32
T1133,2025-01-03,completed,2025-01-03 22:43:02,2025-01-03 23:07:02,2025-01-04 00:06:02
T1137,2025-01-03,completed,2025-01-03 15:05:12,2025-01-03 15:30:12,2025-01-03 16:42:12
T1102,2025-01-03,cancelled,2025-01-03 06:35:38,2025-01-03 06:56:38,2025-01-03 07:56:38
T1165,2025-01-03,completed,2025-01-03 15:10:55,2025-01-03 15:04:55,2025-01-03 15:39:55
T1176,2025-01-02,completed,2025-01-02 23:53:21,2025-01-02 23:40:21,2025-01-03 00:45:21
T1149,2025-01-02,completed,2025-01-02 04:03:11,2025-01-02 04:12:11,2025-01-02 05:35:11
T1168,2025-01-01,cancelled,2025-01-01 04:33:10,2025-01-01 04:12:10,2025-01-01 05:33:10
T1152,2025-01-01,completed,2025-01-01 16:02:58,2025-01-01 16:05:58,2025-01-01 16:43:58
T1135,2024-12-31,cancelled,2024-12-31 12:12:38,2024-12-31 12:00:38,2024-12-31 13:03:38
T1185,2024-12-30,cancelled,2024-12-30 07:51:55,2024-12-30 07:44:55,2024-12-30 08:18:55
T1189,2024-12-30,cancelled,2024-12-30 19:36:50,2024-12-30 19:06:50,2024-12-30 20:24:50
T1172,2024-12-29,completed,2024-12-29 12:22:48,2024-12-29 12:34:48,2024-12-29 13:59:48
T1104,2024-12-29,cancelled,2024-12-29 03:14:31,2024-12-29 03:11:31,2024-12-29 04:31:31
T1126,2024-12-29,completed,2024-12-29 07:41:08,2024-12-29 08:01:08,2024-12-29 09:11:08
T1114,2024-12-29,cancelled,2024-12-29 13:19:54,2024-12-29 13:21:54,2024-12-29 14:21:54
T1145,2024-12-29,cancelled,2024-12-29 04:34:45,2024-12-29 04:43:45,2024-12-29 05:35:45
T1121,2024-12-28,cancelled,2024-12-28 10:07:10,2024-12-28 10:01:10,2024-12-28 10:39:10
T1194,2024-12-28,cancelled,2024-12-28 08:39:45,2024-12-28 08:57:45,2024-12-28 10:14:45
T1183,2024-12-28,completed,2024-12-28 23:20:54,2024-12-28 23:20:54,2024-12-29 00:13:54
T1185,2024-12-28,completed,2024-12-28 03:05:45,2024-12-28 02:53:45,2024-12-28 03:47:45
T1106,2024-12-28,completed,2024-12-28 23:59:43,2024-12-29 00:02:43,2024-12-29 01:29:43
T1143,2024-12-27,cancelled,2024-12-27 09:54:28,2024-12-27 09:36:28,2024-12-27 10:50:28
T1144,2024-12-27,completed,2024-12-27 09:11:49,2024-12-27 09:03:49,2024-12-27 09:37:49
T1181,2024-12-27,completed,2024-12-27 19:44:51,2024-12-27 19:47:51,2024-12-27 21:10:51
T1143,2024-12-27,cancelled,2024-12-27 15:18:42,2024-12-27 14:55:42,2024-12-27 16:16:42
T1188,2024-12-26,completed,2024-12-26 09:45:27,2024-12-26 10:13:27,2024-12-26 10:59:27
T1156,2024-12-25,completed,2024-12-25 17:43:00,2024-12-25 17:54:00,2024-12-25 19:17:00
T1158,2024-12-25,completed,2024-12-25 15:50:30,2024-12-25 16:12:30,2024-12-25 17:04:30
T1145,2024-12-25,completed,2024-12-25 08:15:00,2024-12-25 08:39:00,2024-12-25 09:45:00
T1127,2024-12-24,completed,2024-12-24 22:49:41,2024-12-24 22:45:41,2024-12-24 23:44:41
T1128,2024-12-24,cancelled,2024-12-24 02:40:17,2024-12-24 02:16:17,2024-12-24 03:43:17
T1104,2024-12-24,completed,2024-12-24 21:05:29,2024-12-24 20:38:29,2024-12-24 21:45:29
T1185,2024-12-24,completed,2024-12-24 06:41:07,2024-12-24 06:56:07,2024-12-24 07:56:07
T1158,2024-12-23,cancelled,2024-12-23 16:32:05,2024-12-23 16:17:05,2024-12-23 17:25:05
T1115,2024-12-23,cancelled,2024-12-23 05:26:48,2024-12-23 05:41:48,2024-12-23 06:29:48
T1175,2024-12-23,cancelled,2024-12-23 23:58:40,2024-12-24 00:18:40,2024-12-24 01:41:40
T1158,2024-12-22,cancelled,2024-12-22 16:10:01,2024-12-22 16:21:01,2024-12-22 16:53:01
T1153,2024-12-21,completed,2024-12-21 21:27:41,2024-12-21 21:01:41,2024-12-21 22:06:41
T1176,2024-12-21,cancelled,2024-12-21 12:42:16,2024-12-21 13:06:16,2024-12-21 13:44:16
T1111,2024-12-21,completed,2024-12-21 19:53:01,2024-12-21 19:32:01,2024-12-21 20:43:01
T1133,2024-12-21,cancelled,2024-12-21 19:12:16,2024-12-21 19:10:16,2024-12-21 20:21:16
T1106,2024-12-21,cancelled,2024-12-21 23:57:51,2024-12-21 23:43:51,2024-12-22 01:07:51
T1113,2024-12-20,cancelled,2024-12-20 20:52:02,2024-12-20 20:25:02,2024-12-20 21:22:02
T1192,2024-12-19,completed,2024-12-19 16:52:22,2024-12-19 17:21:22,2024-12-19 18:34:22
T1133,2024-12-19,cancelled,2024-12-19 07:49:12,2024-12-19 08:07:12,2024-12-19 09:28:12
T1197,2024-12-19,cancelled,2024-12-19 13:16:09,2024-12-19 13:25:09,2024-12-19 14:15:09
T1190,2024-12-18,completed,2024-12-18 06:06:26,2024-12-18 06:03:26,2024-12-18 07:15:26
T1166,2024-12-18,completed,2024-12-18 05:31:31,2024-12-18 05:28:31,2024-12-18 06:36:31
T1106,2024-12-18,completed,2024-12-18 03:37:00,2024-12-18 03:51:00,2024-12-18 05:18:00
T1189,2024-12-18,completed,2024-12-18 06:39:42,2024-12-18 07:09:42,2024-12-18 07:46:42
T1195,2024-12-17,completed,2024-12-17 00:37:54,2024-12-17 00:40:54,2024-12-17 01:54:54
T1138,2024-12-17,completed,2024-12-17 00:06:05,2024-12-17 00:03:05,2024-12-17 01:12:05
T1176,2024-12-17,cancelled,2024-12-17 22:44:59,2024-12-17 22:24:59,2024-12-17 23:00:59
T1115,2024-12-17,completed,2024-12-17 13:40:36,2024-12-17 13:27:36,2024-12-17 14:56:36
T1107,2024-12-16,completed,2024-12-16 08:08:40,2024-12-16 08:04:40,2024-12-16 08:44:40
T1148,2024-12-16,cancelled,2024-12-16 22:15:30,2024-12-16 21:48:30,2024-12-16 23:08:30
T1142,2024-12-16,cancelled,2024-12-16 14:43:48,2024-12-16 14:27:48,2024-12-16 15:51:48
T1186,2024-12-15,cancelled,2024-12-15 17:10:08,2024-12-15 17:14:08,2024-12-15 18:13:08
T1200,2024-12-15,completed,2024-12-15 09:03:58,2024-12-15 09:07:58,2024-12-15 10:25:58
T1177,2024-12-15,cancelled,2024-12-15 21:04:26,2024-12-15 20:41:26,2024-12-15 21:56:26
T1102,2024-12-15,completed,2024-12-15 10:39:40,2024-12-15 10:15:40,2024-12-15 11:37:40
T1183,2024-12-14,cancelled,2024-12-14 04:46:33,2024-12-14 04:53:33,2024-12-14 06:10:33
T1103,2024-12-14,completed,2024-12-14 02:38:55,2024-12-14 03:02:55,2024-12-14 04:02:55
T1160,2024-12-14,cancelled,2024-12-14 19:17:51,2024-12-14 19:24:51,2024-12-14 20:02:51
T1102,2024-12-14,completed,2024-12-14 08:21:49,2024-12-14 08:07:49,2024-12-14 08:47:49
T1159,2024-12-14,completed,2024-12-14 15:20:57,2024-12-14 15:42:57,2024-12-14 17:08:57
T1200,2024-12-13,completed,2024-12-13 02:00:28,2024-12-13 02:17:28,2024-12-13 03:16:28
T1148,2024-12-13,cancelled,2024-12-13 23:31:56,2024-12-13 23:34:56,2024-12-14 00:42:56
T1104,2024-12-13,cancelled,2024-12-13 21:53:45,2024-12-13 22:07:45,2024-12-13 23:19:45
T1177,2024-12-13,cancelled,2024-12-13 03:28:47,2024-12-13 03:22:47,2024-12-13 04:36:47
T1106,2024-12-13,completed,2024-12-13 00:05:33,2024-12-12 23:45:33,2024-12-13 00:38:33
T1111,2024-12-12,cancelled,2024-12-12 06:54:34,2024-12-12 06:38:34,2024-12-12 07:32:34
T1135,2024-12-12,completed,2024-12-12 16:54:47,2024-12-12 17:19:47,2024-12-12 18:20:47
T1170,2024-12-12,cancelled,2024-12-12 22:50:25,2024-12-12 23:06:25,2024-12-13 00:19:25
T1187,2024-12-11,completed,2024-12-11 15:44:15,2024-12-11 15:37:15,2024-12-11 17:02:15
T1105,2024-12-11,cancelled,2024-12-11 16:16:01,2024-12-11 16:22:01,2024-12-11 17:11:01
T1127,2024-12-11,cancelled,2024-12-11 04:51:39,2024-12-11 05:05:39,2024-12-11 06:03:39
T1154,2024-12-11,completed,2024-12-11 07:01:33,2024-12-11 07:26:33,2024-12-11 08:43:33
T1114,2024-12-11,completed,2024-12-11 22:49:19,2024-12-11 22:21:19,2024-12-11 23:13:19
T1178,2024-12-10,completed,2024-12-10 23:49:06,2024-12-10 23:54:06,2024-12-11 01:14:06
T1137,2024-12-09,completed,2024-12-09 12:52:13,2024-12-09 12:37:13,2024-12-09 13:30:13
T1138,2024-12-09,cancelled,2024-12-09 03:21:06,2024-12-09 03:24:06,2024-12-09 04:12:06
T1183,2024-12-08,completed,2024-12-08 07:21:15,2024-12-08 07:07:15,2024-12-08 08:24:15
T1165,2024-12-08,cancelled,2024-12-08 19:51:20,2024-12-08 20:21:20,2024-12-08 20:51:20
T1117,2024-12-08,completed,2024-12-08 18:03:36,2024-12-08 17:40:36,2024-12-08 18:42:36
T1135,2024-12-08,completed,2024-12-08 22:39:24,2024-12-08 22:52:24,2024-12-08 23:40:24
T1146,2024-12-07,completed,2024-12-07 03:10:15,2024-12-07 03:23:15,2024-12-07 04:48:15
T1180,2024-12-07,cancelled,2024-12-07 07:20:39,2024-12-07 06:57:39,2024-12-07 08:08:39
T1179,2024-12-07,completed,2024-12-07 14:04:44,2024-12-07 14:13:44,2024-12-07 14:49:44
T1115,2024-12-07,completed,2024-12-07 16:24:20,2024-12-07 15:57:20,2024-12-07 16:59:20
T1150,2024-12-06,cancelled,2024-12-06 00:38:10,2024-12-06 00:34:10,2024-12-06 01:51:10
T1104,2024-12-06,cancelled,2024-12-06 10:55:40,2024-12-06 11:05:40,2024-12-06 11:38:40
T1149,2024-12-05,completed,2024-12-05 20:46:20,2024-12-05 20:23:20,2024-12-05 21:23:20
T1106,2024-12-05,completed,2024-12-05 14:00:00,2024-12-05 13:53:00,2024-12-05 14:45:00
T1199,2024-12-05,completed,2024-12-05 00:45:22,2024-12-05 00:20:22,2024-12-05 00:51:22
T1167,2024-12-04,cancelled,2024-12-04 20:22:48,2024-12-04 20:40:48,2024-12-04 21:19:48
T1198,2024-12-04,cancelled,2024-12-04 03:56:57,2024-12-04 03:45:57,2024-12-04 04:59:57
T1188,2024-12-04,completed,2024-12-04 00:45:58,2024-12-04 00:46:58,2024-12-04 01:39:58
T1118,2024-12-04,cancelled,2024-12-04 08:16:26,2024-12-04 08:12:26,2024-12-04 09:25:26
T1152,2024-12-03,completed,2024-12-03 18:21:25,2024-12-03 18:02:25,2024-12-03 19:16:25
T1127,2024-12-03,completed,2024-12-03 06:38:53,2024-12-03 06:17:53,2024-12-03 07:16:53
T1191,2024-12-03,cancelled,2024-12-03 20:22:28,2024-12-03 20:19:28,2024-12-03 21:20:28
T1195,2024-12-02,cancelled,2024-12-02 08:06:44,2024-12-02 08:08:44,2024-12-02 09:23:44
T1142,2024-12-01,completed,2024-12-01 16:34:54,2024-12-01 16:22:54,2024-12-01 17:27:54
T1105,2024-11-30,cancelled,2024-11-30 14:06:03,2024-11-30 14:24:03,2024-11-30 15:49:03
T1171,2024-11-29,cancelled,2024-11-29 22:46:46,2024-11-29 22:31:46,2024-11-29 23:03:46
T1132,2024-11-29,cancelled,2024-11-29 08:24:52,2024-11-29 08:17:52,2024-11-29 09:06:52
T1100,2024-11-29,completed,2024-11-29 15:50:37,2024-11-29 15:56:37,2024-11-29 17:10:37
T1112,2024-11-28,completed,2024-11-28 14:04:21,2024-11-28 14:10:21,2024-11-28 15:40:21
T1111,2024-11-27,completed,2024-11-27 17:03:28,2024-11-27 16:43:28,2024-11-27 18:09:28
T1190,2024-11-27,completed,2024-11-27 00:58:56,2024-11-27 00:34:56,2024-11-27 01:06:56
T1144,2024-11-27,completed,2024-11-27 23:55:03,2024-11-27 23:54:03,2024-11-28 00:25:03
T1127,2024-11-27,cancelled,2024-11-27 08:00:47,2024-11-27 07:57:47,2024-11-27 08:50:47
T1167,2024-11-26,cancelled,2024-11-26 07:55:30,2024-11-26 08:25:30,2024-11-26 09:04:30
T1156,2024-11-25,cancelled,2024-11-25 18:12:52,2024-11-25 18:24:52,2024-11-25 19:03:52
T1128,2024-11-25,completed,2024-11-25 12:25:35,2024-11-25 11:59:35,2024-11-25 12:30:35
T1117,2024-11-24,completed,2024-11-24 15:34:09,2024-11-24 15:40:09,2024-11-24 16:47:09
T1145,2024-11-24,completed,2024-11-24 07:23:43,2024-11-24 06:59:43,2024-11-24 08:03:43
T1145,2024-11-24,completed,2024-11-24 15:40:57,2024-11-24 15:56:57,2024-11-24 16:38:57
T1125,2024-11-24,cancelled,2024-11-24 12:55:58,2024-11-24 12:40:58,2024-11-24 14:05:58
T1128,2024-11-23,cancelled,2024-11-23 15:59:41,2024-11-23 16:15:41,2024-11-23 16:52:41
T1184,2024-11-23,cancelled,2024-11-23 06:35:38,2024-11-23 07:03:38,2024-11-23 07:52:38
T1164,2024-11-23,cancelled,2024-11-23 12:11:15,2024-11-23 11:54:15,2024-11-23 13:00:15
T1151,2024-11-23,cancelled,2024-11-23 06:57:29,2024-11-23 06:49:29,2024-11-23 07:25:29
T1150,2024-11-23,completed,2024-11-23 16:17:03,2024-11-23 16:27:03,2024-11-23 17:50:03
T1189,2024-11-22,cancelled,2024-11-22 12:12:08,2024-11-22 12:09:08,2024-11-22 13:05:08
T1108,2024-11-22,cancelled,2024-11-22 18:21:56,2024-11-22 18:16:56,2024-11-22 19:04:56
T1187,2024-11-21,cancelled,2024-11-21 16:24:12,2024-11-21 16:35:12,2024-11-21 17:10:12
T1183,2024-11-21,cancelled,2024-11-21 23:34:56,2024-11-21 23:17:56,2024-11-22 00:37:56
T1170,2024-11-20,completed,2024-11-20 00:59:53,2024-11-20 01:21:53,2024-11-20 02:02:53
T1171,2024-11-19,completed,2024-11-19 15:22:17,2024-11-19 15:34:17,2024-11-19 16:54:17
T1118,2024-11-19,completed,2024-11-19 03:30:21,2024-11-19 03:43:21,2024-11-19 04:53:21
T1172,2024-11-19,completed,2024-11-19 07:45:49,2024-11-19 07:45:49,2024-11-19 08:46:49
T1158,2024-11-19,completed,2024-11-19 14:25:25,2024-11-19 14:33:25,2024-11-19 15:51:25
T1144,2024-11-19,completed,2024-11-19 05:31:58,2024-11-19 05:41:58,2024-11-19 06:26:58
T1175,2024-11-18,completed,2024-11-18 08:57:04,2024-11-18 08:44:04,2024-11-18 09:52:04
T1156,2024-11-18,completed,2024-11-18 01:47:36,2024-11-18 01:54:36,2024-11-18 02:36:36
T1123,2024-11-18,completed,2024-11-18 11:20:03,2024-11-18 11:32:03,2024-11-18 12:35:03
T1125,2024-11-17,completed,2024-11-17 15:37:29,2024-11-17 15:56:29,2024-11-17 16:47:29
T1120,2024-11-16,completed,2024-11-16 04:16:57,2024-11-16 04:10:57,2024-11-16 05:27:57
T1113,2024-11-16,cancelled,2024-11-16 12:36:02,2024-11-16 12:58:02,2024-11-16 14:27:02
T1138,2024-11-15,cancelled,2024-11-15 00:41:20,2024-11-15 00:27:20,2024-11-15 01:23:20
T1179,2024-11-14,completed,2024-11-14 02:27:45,2024-11-14 02:21:45,2024-11-14 03:45:45
T1151,2024-11-14,completed,2024-11-14 04:08:24,2024-11-14 03:45:24,2024-11-14 04:38:24
T1140,2024-11-14,cancelled,2024-11-14 08:24:27,2024-11-14 08:33:27,2024-11-14 09:45:27
T1150,2024-11-14,cancelled,2024-11-14 17:25:28,2024-11-14 17:19:28,2024-11-14 18:22:28
T1128,2024-11-13,completed,2024-11-13 00:36:06,2024-11-13 00:52:06,2024-11-13 01:43:06
T1108,2024-11-13,completed,2024-11-13 21:38:54,2024-11-13 21:09:54,2024-11-13 22:18:54
T1161,2024-11-13,cancelled,2024-11-13 17:24:53,2024-11-13 17:19:53,2024-11-13 18:25:53
T1102,2024-11-13,completed,2024-11-13 11:22:50,2024-11-13 11:50:50,2024-11-13 12:54:50
T1132,2024-11-13,completed,2024-11-13 18:35:14,2024-11-13 18:49:14,2024-11-13 19:23:14
T1134,2024-11-12,completed,2024-11-12 14:41:00,2024-11-12 14:58:00,2024-11-12 15:55:00
T1141,2024-11-11,completed,2024-11-11 18:01:34,2024-11-11 18:15:34,2024-11-11 19:19:34
T1166,2024-11-11,cancelled,2024-11-11 07:32:27,2024-11-11 07:42:27,2024-11-11 08:52:27
T1108,2024-11-11,cancelled,2024-11-11 14:31:39,2024-11-11 14:14:39,2024-11-11 15:33:39
T1148,2024-11-11,completed,2024-11-11 22:35:18,2024-11-11 22:19:18,2024-11-11 23:10:18
T1184,2024-11-10,cancelled,2024-11-10 01:06:47,2024-11-10 01:35:47,2024-11-10 02:19:47
T1172,2024-11-09,completed,2024-11-09 19:57:13,2024-11-09 19:33:13,2024-11-09 20:35:13
T1137,2024-11-08,cancelled,2024-11-08 17:24:10,2024-11-08 17:54:10,2024-11-08 19:07:10
T1154,2024-11-07,cancelled,2024-11-07 14:42:01,2024-11-07 14:46:01,2024-11-07 16:03:01
T1115,2024-11-07,cancelled,2024-11-07 09:05:31,2024-11-07 09:25:31,2024-11-07 10:52:31
T1169,2024-11-07,completed,2024-11-07 21:04:58,2024-11-07 20:59:58,2024-11-07 22:12:58
T1143,2024-11-06,completed,2024-11-06 09:34:22,2024-11-06 09:13:22,2024-11-06 10:05:22
T1146,2024-11-06,cancelled,2024-11-06 06:25:52,2024-11-06 06:22:52,2024-11-06 07:31:52
T1108,2024-11-06,cancelled,2024-11-06 14:42:48,2024-11-06 14:17:48,2024-11-06 15:41:48
T1106,2024-11-05,completed,2024-11-05 12:33:08,2024-11-05 12:15:08,2024-11-05 12:49:08
T1118,2024-11-04,completed,2024-11-04 20:25:09,2024-11-04 20:37:09,2024-11-04 22:04:09
T1185,2024-11-04,completed,2024-11-04 12:24:50,2024-11-04 11:54:50,2024-11-04 12:27:50
T1189,2024-11-03,cancelled,2024-11-03 04:40:50,2024-11-03 04:24:50,2024-11-03 04:59:50
T1197,2024-11-03,completed,2024-11-03 15:10:45,2024-11-03 15:07:45,2024-11-03 16:09:45
T1137,2024-11-03,cancelled,2024-11-03 19:04:52,2024-11-03 19:10:52,2024-11-03 20:27:52
T1184,2024-11-03,cancelled,2024-11-03 10:22:21,2024-11-03 10:45:21,2024-11-03 11:41:21
T1153,2024-11-02,cancelled,2024-11-02 06:21:12,2024-11-02 06:46:12,2024-11-02 08:16:12
T1150,2024-11-02,completed,2024-11-02 06:20:14,2024-11-02 05:52:14,2024-11-02 06:30:14
T1157,2024-11-02,cancelled,2024-11-02 05:25:28,2024-11-02 05:31:28,2024-11-02 06:24:28
T1101,2024-11-02,completed,2024-11-02 12:14:23,2024-11-02 11:48:23,2024-11-02 12:57:23
T1165,2024-11-02,completed,2024-11-02 13:24:47,2024-11-02 13:01:47,2024-11-02 14:14:47
T1135,2024-11-01,completed,2024-11-01 21:27:16,2024-11-01 21:05:16,2024-11-01 22:19:16
T1121,2024-10-31,completed,2024-10-31 20:42:56,2024-10-31 20:27:56,2024-10-31 21:31:56
T1194,2024-10-31,completed,2024-10-31 14:35:53,2024-10-31 14:42:53,2024-10-31 15:30:53
T1178,2024-10-31,cancelled,2024-10-31 05:32:27,2024-10-31 05:44:27,2024-10-31 07:00:27
T1145,2024-10-30,completed,2024-10-30 09:21:58,2024-10-30 09:42:58,2024-10-30 10:34:58
T1147,2024-10-30,completed,2024-10-30 12:09:41,2024-10-30 12:13:41,2024-10-30 13:00:41
T1150,2024-10-30,cancelled,2024-10-30 10:36:14,2024-10-30 10:39:14,2024-10-30 11:58:14
T1192,2024-10-30,completed,2024-10-30 13:27:07,2024-10-30 13:43:07,2024-10-30 15:01:07
T1173,2024-10-30,completed,2024-10-30 16:17:42,2024-10-30 16:08:42,2024-10-30 16:42:42
T1194,2024-10-29,cancelled,2024-10-29 10:33:03,2024-10-29 10:51:03,2024-10-29 11:39:03
T1167,2024-10-29,completed,2024-10-29 01:02:21,2024-10-29 01:20:21,2024-10-29 02:25:21
T1177,2024-10-29,cancelled,2024-10-29 22:52:21,2024-10-29 22:56:21,2024-10-30 00:22:21
T1181,2024-10-29,completed,2024-10-29 02:18:00,2024-10-29 02:31:00,2024-10-29 03:31:00
T1170,2024-10-28,completed,2024-10-28 09:32:58,2024-10-28 09:18:58,2024-10-28 10:44:58
T1143,2024-10-27,completed,2024-10-27 21:21:43,2024-10-27 21:30:43,2024-10-27 22:41:43
T1157,2024-10-27,completed,2024-10-27 14:52:45,2024-10-27 15:11:45,2024-10-27 16:22:45
T1167,2024-10-26,cancelled,2024-10-26 03:38:48,2024-10-26 03:08:48,2024-10-26 04:28:48
T1170,2024-10-26,completed,2024-10-26 03:09:18,2024-10-26 03:38:18,2024-10-26 05:07:18
T1182,2024-10-26,cancelled,2024-10-26 14:22:53,2024-10-26 14:33:53,2024-10-26 15:05:53
T1104,2024-10-26,cancelled,2024-10-26 03:12:53,2024-10-26 03:28:53,2024-10-26 04:20:53
T1186,2024-10-26,completed,2024-10-26 20:57:51,2024-10-26 21:03:51,2024-10-26 22:03:51
T1150,2024-10-25,cancelled,2024-10-25 07:07:17,2024-10-25 07:19:17,2024-10-25 08:40:17
T1140,2024-10-24,cancelled,2024-10-24 11:26:35,2024-10-24 11:09:35,2024-10-24 12:33:35
T1121,2024-10-24,completed,2024-10-24 04:35:54,2024-10-24 04:27:54,2024-10-24 05:30:54
T1130,2024-10-23,completed,2024-10-23 12:36:26,2024-10-23 12:40:26,2024-10-23 14:05:26
T1109,2024-10-23,completed,2024-10-23 00:32:31,2024-10-23 00:26:31,2024-10-23 01:14:31
T1167,2024-10-23,completed,2024-10-23 07:54:31,2024-10-23 07:43:31,2024-10-23 08:33:31
T1156,2024-10-22,completed,2024-10-22 10:32:42,2024-10-22 10:43:42,2024-10-22 11:14:42
T1198,2024-10-21,completed,2024-10-21 16:07:52,2024-10-21 16:16:52,2024-10-21 17:12:52
T1170,2024-10-21,completed,2024-10-21 05:38:14,2024-10-21 05:42:14,2024-10-21 06:30:14
T1170,2024-10-21,completed,2024-10-21 23:05:15,2024-10-21 23:01:15,2024-10-22 00:14:15
T1188,2024-10-20,completed,2024-10-20 05:43:34,2024-10-20 06:00:34,2024-10-20 06:31:34
T1102,2024-10-20,completed,2024-10-20 22:24:09,2024-10-20 22:12:09,2024-10-20 22:42:09
T1150,2024-10-20,cancelled,2024-10-20 00:21:21,2024-10-20 00:42:21,2024-10-20 01:18:21
T1156,2024-10-19,completed,2024-10-19 04:18:20,2024-10-19 03:56:20,2024-10-19 04:30:20
T1105,2024-10-19,completed,2024-10-19 19:38:54,2024-10-19 19:51:54,2024-10-19 20:56:54
T1187,2024-10-19,completed,2024-10-19 16:39:55,2024-10-19 16:41:55,2024-10-19 17:50:55
T1112,2024-10-19,completed,2024-10-19 08:34:03,2024-10-19 08:26:03,2024-10-19 09:42:03
T1126,2024-10-19,cancelled,2024-10-19 20:58:27,2024-10-19 20:37:27,2024-10-19 21:11:27
T1184,2024-10-18,cancelled,2024-10-18 06:19:42,2024-10-18 06:13:42,2024-10-18 06:49:42
T1118,2024-10-18,cancelled,2024-10-18 15:03:29,2024-10-18 15:24:29,2024-10-18 16:34:29
T1182,2024-10-18,completed,2024-10-18 06:54:18,2024-10-18 06:45:18,2024-10-18 07:48:18
T1114,2024-10-18,completed,2024-10-18 00:44:18,2024-10-18 00:54:18,2024-10-18 02:19:18
T1171,2024-10-17,cancelled,2024-10-17 18:58:25,2024-10-17 18:39:25,2024-10-17 20:09:25
T1191,2024-10-16,completed,2024-10-16 15:51:04,2024-10-16 16:18:04,2024-10-16 17:00:04
T1188,2024-10-16,completed,2024-10-16 20:57:33,2024-10-16 20:54:33,2024-10-16 21:47:33
T1143,2024-10-16,cancelled,2024-10-16 19:57:19,2024-10-16 19:41:19,2024-10-16 20:36:19
T1130,2024-10-15,cancelled,2024-10-15 05:45:41,2024-10-15 05:27:41,2024-10-15 06:53:41
T1172,2024-10-15,completed,2024-10-15 05:07:16,2024-10-15 04:57:16,2024-10-15 06:22:16
T1135,2024-10-15,completed,2024-10-15 21:02:22,2024-10-15 21:17:22,2024-10-15 22:23:22
T1136,2024-10-15,completed,2024-10-15 16:45:50,2024-10-15 16:57:50,2024-10-15 17:35:50
T1130,2024-10-15,completed,2024-10-15 23:38:54,2024-10-15 23:24:54,2024-10-16 00:06:54
T1120,2024-10-14,completed,2024-10-14 12:14:12,2024-10-14 12:18:12,2024-10-14 13:15:12
T1101,2024-10-13,completed,2024-10-13 03:19:56,2024-10-13 03:22:56,2024-10-13 04:24:56
T1200,2024-10-13,cancelled,2024-10-13 22:52:43,2024-10-13 22:37:43,2024-10-13 23:31:43
T1195,2024-10-13,cancelled,2024-10-13 22:03:26,2024-10-13 22:08:26,2024-10-13 23:18:26
T1114,2024-10-13,cancelled,2024-10-13 11:05:08,2024-10-13 10:36:08,2024-10-13 11:11:08
T1142,2024-10-12,completed,2024-10-12 11:53:30,2024-10-12 12:04:30,2024-10-12 12:55:30
T1177,2024-10-12,completed,2024-10-12 18:50:55,2024-10-12 18:30:55,2024-10-12 19:13:55
T1197,2024-10-12,cancelled,2024-10-12 23:47:30,2024-10-12 23:55:30,2024-10-13 01:25:30
T1108,2024-10-12,completed,2024-10-12 17:49:55,2024-10-12 18:02:55,2024-10-12 19:06:55
T1197,2024-10-11,completed,2024-10-11 05:06:58,2024-10-11 05:07:58,2024-10-11 06:05:58
T1141,2024-10-11,completed,2024-10-11 16:32:04,2024-10-11 16:11:04,2024-10-11 17:24:04
T1175,2024-10-11,cancelled,2024-10-11 12:39:14,2024-10-11 12:45:14,2024-10-11 13:53:14
T1115,2024-10-11,cancelled,2024-10-11 09:57:41,2024-10-11 10:06:41,2024-10-11 11:13:41
T1119,2024-10-11,cancelled,2024-10-11 02:19:23,2024-10-11 02:36:23,2024-10-11 03:25:23
T1170,2024-10-10,completed,2024-10-10 02:08:22,2024-10-10 02:15:22,2024-10-10 03:23:22
T1113,2024-10-10,cancelled,2024-10-10 21:42:25,2024-10-10 21:56:25,2024-10-10 22:36:25
T1196,2024-10-10,completed,2024-10-10 12:14:17,2024-10-10 12:33:17,2024-10-10 13:49:17
T1120,2024-10-10,cancelled,2024-10-10 15:47:21,2024-10-10 15:30:21,2024-10-10 16:23:21
T1199,2024-10-10,completed,2024-10-10 00:27:23,2024-10-10 00:44:23,2024-10-10 02:00:23
T1195,2024-10-09,cancelled,2024-10-09 12:03:19,2024-10-09 12:02:19,2024-10-09 12:42:19
T1191,2024-10-09,cancelled,2024-10-09 17:21:10,2024-10-09 16:52:10,2024-10-09 17:28:10
T1103,2024-10-08,cancelled,2024-10-08 01:53:13,2024-10-08 01:48:13,2024-10-08 02:59:13
T1144,2024-10-07,completed,2024-10-07 21:42:29,2024-10-07 21:23:29,2024-10-07 22:03:29
T1172,2024-10-07,completed,2024-10-07 19:22:52,2024-10-07 18:58:52,2024-10-07 19:42:52
T1109,2024-10-07,completed,2024-10-07 12:24:56,2024-10-07 12:48:56,2024-10-07 13:53:56
T1112,2024-10-07,completed,2024-10-07 08:02:50,2024-10-07 07:56:50,2024-10-07 09:16:50
T1164,2024-10-06,completed,2024-10-06 20:43:49,2024-10-06 20:32:49,2024-10-06 21:35:49
T1185,2024-10-06,cancelled,2024-10-06 16:48:37,2024-10-06 16:31:37,2024-10-06 17:43:37
T1166,2024-10-06,completed,2024-10-06 07:39:26,2024-10-06 07:40:26,2024-10-06 08:59:26
T1145,2024-10-05,completed,2024-10-05 10:36:54,2024-10-05 10:32:54,2024-10-05 11:20:54
T1145,2024-10-05,completed,2024-10-05 20:32:26,2024-10-05 21:01:26,2024-10-05 21:39:26
T1187,2024-10-05,completed,2024-10-05 23:03:14,2024-10-05 23:27:14,2024-10-06 00:19:14
T1177,2024-10-04,cancelled,2024-10-04 01:53:56,2024-10-04 01:45:56,2024-10-04 03:03:56
T1132,2024-10-04,cancelled,2024-10-04 11:50:04,2024-10-04 11:35:04,2024-10-04 12:41:04
T1158,2024-10-04,cancelled,2024-10-04 03:59:42,2024-10-04 04:16:42,2024-10-04 04:59:42
T1160,2024-10-04,cancelled,2024-10-04 06:01:55,2024-10-04 06:30:55,2024-10-04 07:56:55
T1158,2024-10-04,cancelled,2024-10-04 23:10:24,2024-10-04 23:26:24,2024-10-05 00:01:24
T1154,2024-10-03,completed,2024-10-03 13:12:34,2024-10-03 13:33:34,2024-10-03 14:39:34
T1146,2024-10-03,completed,2024-10-03 17:22:48,2024-10-03 17:17:48,2024-10-03 18:11:48
T1173,2024-10-03,completed,2024-10-03 14:49:42,2024-10-03 14:31:42,2024-10-03 15:02:42
T1166,2024-10-03,completed,2024-10-03 23:55:50,2024-10-04 00:12:50,2024-10-04 01:42:50
T1184,2024-10-03,cancelled,2024-10-03 22:24:32,2024-10-03 22:15:32,2024-10-03 23:27:32
T1113,2024-10-02,cancelled,2024-10-02 03:50:57,2024-10-02 04:10:57,2024-10-02 05:24:57
T1140,2024-10-02,cancelled,2024-10-02 20:45:32,2024-10-02 20:44:32,2024-10-02 21:50:32
T1177,2024-10-02,completed,2024-10-02 22:25:16,2024-10-02 22:53:16,2024-10-03 00:20:16
T1129,2024-10-02,completed,2024-10-02 11:48:07,2024-10-02 11:31:07,2024-10-02 12:42:07
T1152,2024-10-02,completed,2024-10-02 03:26:05,2024-10-02 02:56:05,2024-10-02 03:59:05
T1167,2024-10-01,completed,2024-10-01 09:42:17,2024-10-01 10:06:17,2024-10-01 11:35:17
T1139,2024-10-01,cancelled,2024-10-01 04:29:35,2024-10-01 04:36:35,2024-10-01 05:20:35
T1106,2024-10-01,cancelled,2024-10-01 16:06:50,2024-10-01 16:23:50,2024-10-01 17:24:50
T1179,2024-10-01,completed,2024-10-01 23:48:11,2024-10-01 23:25:11,2024-10-02 00:21:11
T1152,2024-09-30,cancelled,2024-09-30 01:40:42,2024-09-30 02:10:42,2024-09-30 03:16:42
T1145,2024-09-30,completed,2024-09-30 08:35:38,2024-09-30 08:45:38,2024-09-30 09:23:38
T1120,2024-09-30,completed,2024-09-30 00:56:56,2024-09-30 00:31:56,2024-09-30 01:21:56
T1169,2024-09-30,cancelled,2024-09-30 02:00:25,2024-09-30 02:23:25,2024-09-30 03:53:25
T1145,2024-09-30,cancelled,2024-09-30 01:04:16,2024-09-30 01:17:16,2024-09-30 01:55:16
T1157,2024-09-29,completed,2024-09-29 06:07:36,2024-09-29 05:59:36,2024-09-29 06:46:36
T1197,2024-09-29,cancelled,2024-09-29 03:08:52,2024-09-29 02:52:52,2024-09-29 03:54:52
T1122,2024-09-28,completed,2024-09-28 22:45:23,2024-09-28 22:25:23,2024-09-28 23:17:23
T1101,2024-09-27,completed,2024-09-27 13:37:49,2024-09-27 14:01:49,2024-09-27 14:52:49
T1147,2024-09-26,completed,2024-09-26 15:41:04,2024-09-26 15:36:04,2024-09-26 17:00:04
T1198,2024-09-26,completed,2024-09-26 01:37:00,2024-09-26 01:13:00,2024-09-26 02:32:00
T1116,2024-09-26,cancelled,2024-09-26 01:11:03,2024-09-26 01:34:03,2024-09-26 02:38:03
T1126,2024-09-26,completed,2024-09-26 18:55:37,2024-09-26 19:13:37,2024-09-26 20:17:37
T1167,2024-09-25,completed,2024-09-25 21:19:37,2024-09-25 20:49:37,2024-09-25 21:29:37
T1156,2024-09-24,completed,2024-09-24 00:06:37,2024-09-23 23:57:37,2024-09-24 00:28:37
T1130,2024-09-24,cancelled,2024-09-24 12:47:17,2024-09-24 13:00:17,2024-09-24 14:22:17
T1197,2024-09-24,completed,2024-09-24 00:12:11,2024-09-23 23:57:11,2024-09-24 00:56:11
T1106,2024-09-24,cancelled,2024-09-24 18:23:22,2024-09-24 18:25:22,2024-09-24 19:04:22
T1174,2024-09-23,cancelled,2024-09-23 20:46:21,2024-09-23 20:22:21,2024-09-23 21:23:21
T1174,2024-09-23,completed,2024-09-23 17:16:48,2024-09-23 17:38:48,2024-09-23 18:46:48
T1195,2024-09-23,completed,2024-09-23 04:55:41,2024-09-23 04:46:41,2024-09-23 06:10:41
T1167,2024-09-23,completed,2024-09-23 05:50:41,2024-09-23 05:46:41,2024-09-23 06:26:41
T1125,2024-09-23,cancelled,2024-09-23 21:26:53,2024-09-23 21:51:53,2024-09-23 22:38:53
T1197,2024-09-22,cancelled,2024-09-22 00:45:49,2024-09-22 00:49:49,2024-09-22 02:10:49
T1190,2024-09-21,cancelled,2024-09-21 06:33:52,2024-09-21 06:04:52,2024-09-21 07:29:52
T1184,2024-09-21,completed,2024-09-21 21:31:34,2024-09-21 21:15:34,2024-09-21 22:24:34
T1135,2024-09-21,cancelled,2024-09-21 20:44:13,2024-09-21 20:41:13,2024-09-21 22:02:13
T1106,2024-09-21,cancelled,2024-09-21 14:07:28,2024-09-21 14:06:28,2024-09-21 15:21:28
T1132,2024-09-20,completed,2024-09-20 19:59:50,2024-09-20 19:39:50,2024-09-20 20:21:50
T1130,2024-09-19,cancelled,2024-09-19 02:57:55,2024-09-19 03:00:55,2024-09-19 03:54:55
T1150,2024-09-19,completed,2024-09-19 02:37:47,2024-09-19 02:52:47,2024-09-19 04:02:47
T1155,2024-09-19,completed,2024-09-19 14:30:43,2024-09-19 14:00:43,2024-09-19 15:12:43
T1113,2024-09-18,completed,2024-09-18 12:19:35,2024-09-18 12:32:35,2024-09-18 13:42:35
T1110,2024-09-17,completed,2024-09-17 19:53:19,2024-09-17 20:11:19,2024-09-17 20:47:19
T1124,2024-09-17,completed,2024-09-17 15:26:16,2024-09-17 15:01:16,2024-09-17 16:21:16
T1176,2024-09-17,cancelled,2024-09-17 17:50:43,2024-09-17 18:19:43,2024-09-17 19:16:43
T1184,2024-09-16,cancelled,2024-09-16 22:06:00,2024-09-16 21:45:00,2024-09-16 22:55:00
T1155,2024-09-15,cancelled,2024-09-15 22:47:06,2024-09-15 22:43:06,2024-09-15 23:14:06
T1173,2024-09-15,cancelled,2024-09-15 07:03:13,2024-09-15 06:43:13,2024-09-15 07:49:13
T1171,2024-09-15,completed,2024-09-15 19:49:06,2024-09-15 19:52:06,2024-09-15 20:38:06
T1151,2024-09-15,cancelled,2024-09-15 12:52:03,2024-09-15 13:07:03,2024-09-15 14:22:03
T1149,2024-09-15,completed,2024-09-15 12:47:04,2024-09-15 12:17:04,2024-09-15 13:21:04
T1195,2024-09-14,cancelled,2024-09-14 19:34:44,2024-09-14 19:36:44,2024-09-14 20:43:44
T1149,2024-09-14,cancelled,2024-09-14 19:08:10,2024-09-14 18:40:10,2024-09-14 19:45:10
T1165,2024-09-14,cancelled,2024-09-14 05:30:41,2024-09-14 05:26:41,2024-09-14 06:53:41
T1112,2024-09-14,completed,2024-09-14 00:22:24,2024-09-14 00:21:24,2024-09-14 00:56:24
T1170,2024-09-14,cancelled,2024-09-14 05:41:48,2024-09-14 05:23:48,2024-09-14 06:09:48
T1196,2024-09-13,cancelled,2024-09-13 23:45:25,2024-09-14 00:02:25,2024-09-14 00:55:25
T1143,2024-09-12,cancelled,2024-09-12 16:20:09,2024-09-12 15:52:09,2024-09-12 16:44:09
T1198,2024-09-12,completed,2024-09-12 00:14:17,2024-09-12 00:42:17,2024-09-12 02:05:17
T1171,2024-09-12,cancelled,2024-09-12 14:39:17,2024-09-12 14:20:17,2024-09-12 15:22:17
T1130,2024-09-12,completed,2024-09-12 08:28:09,2024-09-12 07:58:09,2024-09-12 08:40:09
T1193,2024-09-11,completed,2024-09-11 10:42:33,2024-09-11 10:55:33,2024-09-11 11:34:33
T1115,2024-09-11,completed,2024-09-11 21:51:05,2024-09-11 21:21:05,2024-09-11 22:15:05
T1104,2024-09-11,completed,2024-09-11 02:43:20,2024-09-11 03:12:20,2024-09-11 04:34:20
T1184,2024-09-11,completed,2024-09-11 13:42:08,2024-09-11 14:02:08,2024-09-11 14:57:08
T1105,2024-09-11,completed,2024-09-11 06:13:06,2024-09-11 06:21:06,2024-09-11 06:51:06
T1162,2024-09-10,cancelled,2024-09-10 21:20:56,2024-09-10 21:14:56,2024-09-10 21:48:56
T1133,2024-09-10,completed,2024-09-10 11:17:54,2024-09-10 10:50:54,2024-09-10 11:47:54
T1154,2024-09-09,cancelled,2024-09-09 20:12:43,2024-09-09 19:48:43,2024-09-09 20:37:43
T1137,2024-09-09,cancelled,2024-09-09 20:39:37,2024-09-09 21:00:37,2024-09-09 21:50:37
T1179,2024-09-08,cancelled,2024-09-08 01:10:02,2024-09-08 00:52:02,2024-09-08 02:21:02
T1198,2024-09-08,completed,2024-09-08 09:37:48,2024-09-08 09:32:48,2024-09-08 10:10:48
T1104,2024-09-08,completed,2024-09-08 08:05:23,2024-09-08 08:09:23,2024-09-08 09:32:23
T1131,2024-09-08,cancelled,2024-09-08 09:21:56,2024-09-08 09:49:56,2024-09-08 10:58:56
T1162,2024-09-07,cancelled,2024-09-07 07:47:48,2024-09-07 07:40:48,2024-09-07 09:00:48
T1199,2024-09-06,completed,2024-09-06 09:48:45,2024-09-06 09:32:45,2024-09-06 10:40:45
T1110,2024-09-06,cancelled,2024-09-06 08:08:09,2024-09-06 07:40:09,2024-09-06 09:01:09
T1142,2024-09-05,cancelled,2024-09-05 18:53:23,2024-09-05 19:03:23,2024-09-05 20:33:23
T1162,2024-09-05,cancelled,2024-09-05 14:44:53,2024-09-05 14:30:53,2024-09-05 15:05:53
T1144,2024-09-05,completed,2024-09-05 20:09:57,2024-09-05 20:27:57,2024-09-05 21:15:57
T1110,2024-09-04,completed,2024-09-04 16:34:39,2024-09-04 16:45:39,2024-09-04 17:45:39
T1152,2024-09-04,completed,2024-09-04 14:56:49,2024-09-04 14:49:49,2024-09-04 16:11:49
T1111,2024-09-04,cancelled,2024-09-04 22:18:19,2024-09-04 22:33:19,2024-09-04 23:36:19
T1197,2024-09-04,cancelled,2024-09-04 12:11:50,2024-09-04 11:54:50,2024-09-04 12:33:50
T1160,2024-09-04,cancelled,2024-09-04 11:08:31,2024-09-04 11:26:31,2024-09-04 12:46:31
T1134,2024-09-03,completed,2024-09-03 16:54:43,2024-09-03 16:34:43,2024-09-03 17:35:43
T1158,2024-09-03,completed,2024-09-03 01:47:58,2024-09-03 01:36:58,2024-09-03 02:40:58
T1194,2024-09-03,completed,2024-09-03 10:29:10,2024-09-03 10:33:10,2024-09-03 11:39:10
T1115,2024-09-03,completed,2024-09-03 16:17:54,2024-09-03 15:48:54,2024-09-03 16:50:54
T1173,2024-09-03,completed,2024-09-03 13:41:10,2024-09-03 13:17:10,2024-09-03 14:05:10
T1155,2024-09-02,cancelled,2024-09-02 22:03:52,2024-09-02 22:08:52,2024-09-02 23:25:52
T1119,2024-09-02,cancelled,2024-09-02 18:53:28,2024-09-02 19:17:28,2024-09-02 20:17:28
T1106,2024-09-02,cancelled,2024-09-02 11:23:39,2024-09-02 11:27:39,2024-09-02 12:31:39
T1175,2024-09-02,completed,2024-09-02 15:58:40,2024-09-02 16:27:40,2024-09-02 17:45:40
T1199,2024-09-02,cancelled,2024-09-02 07:18:07,2024-09-02 07:19:07,2024-09-02 08:28:07
T1157,2024-09-01,completed,2024-09-01 01:46:38,2024-09-01 01:41:38,2024-09-01 02:17:38
T1102,2024-08-31,cancelled,2024-08-31 14:34:01,2024-08-31 14:53:01,2024-08-31 16:10:01
T1160,2024-08-31,completed,2024-08-31 20:13:09,2024-08-31 19:55:09,2024-08-31 20:31:09
T1191,2024-08-30,completed,2024-08-30 11:29:34,2024-08-30 11:38:34,2024-08-30 12:19:34
T1161,2024-08-30,completed,2024-08-30 22:49:49,2024-08-30 22:48:49,2024-08-31 00:11:49
T1156,2024-08-30,completed,2024-08-30 19:18:39,2024-08-30 19:45:39,2024-08-30 20:17:39
T1168,2024-08-29,completed,2024-08-29 03:14:40,2024-08-29 03:10:40,2024-08-29 04:37:40
T1119,2024-08-29,completed,2024-08-29 01:24:54,2024-08-29 00:57:54,2024-08-29 01:56:54
T1173,2024-08-29,cancelled,2024-08-29 11:44:59,2024-08-29 11:23:59,2024-08-29 12:28:59
T1145,2024-08-29,completed,2024-08-29 00:26:43,2024-08-29 00:43:43,2024-08-29 01:53:43
T1114,2024-08-29,cancelled,2024-08-29 19:54:00,2024-08-29 19:58:00,2024-08-29 21:12:00
T1169,2024-08-28,completed,2024-08-28 21:59:38,2024-08-28 21:35:38,2024-08-28 22:12:38
T1172,2024-08-28,cancelled,2024-08-28 01:49:48,2024-08-28 01:36:48,2024-08-28 02:23:48
T1151,2024-08-27,completed,2024-08-27 09:12:01,2024-08-27 09:22:01,2024-08-27 10:29:01
T1111,2024-08-27,cancelled,2024-08-27 09:31:09,2024-08-27 09:49:09,2024-08-27 11:11:09
T1136,2024-08-27,completed,2024-08-27 14:27:10,2024-08-27 14:16:10,2024-08-27 15:30:10
T1100,2024-08-27,cancelled,2024-08-27 07:45:58,2024-08-27 07:34:58,2024-08-27 09:04:58
T1193,2024-08-26,completed,2024-08-26 00:20:17,2024-08-25 23:52:17,2024-08-26 00:45:17
T1106,2024-08-25,completed,2024-08-25 17:58:04,2024-08-25 18:09:04,2024-08-25 18:54:04
